Home Assistant notifications (Log started: 2017-09-28T03:17:15.939811+00:00),,,,
--------------------------------------------------------------------------------,,,,

69.8,57.2,11.78,0.0,-0.67
69.8,57.2,12.58,0.0,-0.66
69.6,57.2,13.37,-0.4,-0.63
69.6,57.2,14.16,-0.4,-0.6
69.6,57.2,14.94,-0.4,-0.58
69.4,61.0,15.72,-0.72,-0.32
69.4,61.0,16.5,-0.72,-0.28
69.2,61.0,17.27,-1.17,-0.23
69.2,61.0,18.03,-1.17,-0.18
69.2,61.0,18.79,-1.17,-0.13
69.0,61.0,19.54,-1.01,-0.06
69.0,61.0,20.28,-1.01,0.0
69.0,61.0,21.02,-1.01,0.07
69.0,61.0,21.74,-1.01,0.15
68.8,61.0,22.46,0.0,-0.1
68.8,61.0,23.18,0.0,-0.03
68.8,61.0,23.88,0.0,0.05
68.8,66.8,24.57,0.0,0.5
68.8,66.8,25.26,0.0,0.59
68.6,66.8,25.93,-0.55,0.71
68.6,66.8,26.59,-0.55,0.82
68.6,66.8,27.25,-0.55,0.94
68.6,66.8,27.89,-0.55,1.07
68.6,66.8,28.52,-0.55,1.21
68.6,66.8,29.13,-0.55,1.35
68.6,66.8,29.74,-0.55,1.51
68.6,73.4,30.33,-0.55,2.08
68.6,73.4,30.91,-0.55,2.26
68.6,73.4,31.47,-0.55,2.43
68.6,73.4,32.02,-0.55,2.62
68.6,72,32.56,-0.55,2.72
68.6,72,33.58,0.0,0.21
69.0,71.8,35.43,0.83,0.18
69.0,71.8,35.85,0.83,0.18
69.6,76.8,37.89,1.22,0.45
69.6,76.8,37.95,1.22,0.45
69.8,76.8,38.23,1.41,0.44
70.0,76.8,38.48,1.82,0.43
70.2,76.8,38.72,1.82,0.41
70.2,76.8,38.93,1.82,0.41
70.4,76.8,39.12,1.64,0.4
70.6,76.8,39.28,1.91,0.39
70.8,76.8,39.42,1.86,0.38
70.8,76.8,39.54,1.86,0.38
71.0,76.8,39.64,1.91,0.36
71.2,80.9,39.71,2.0,0.61
71.5,80.9,39.76,2.93,0.59
71.7,80.9,39.79,2.0,0.58
71.9,80.9,39.79,2.34,0.56
71.9,80.9,39.76,2.34,0.56
72.1,80.9,39.72,1.86,0.55
72.3,80.9,39.64,2.05,0.54
72.5,80.9,39.55,1.91,0.53
72.7,80.9,39.43,2.16,0.51
72.9,83.3,39.29,2.11,0.65
73.1,83.3,39.13,2.22,0.64
73.3,83.9,38.73,1.97,1.85
73.5,83.9,38.49,2.26,1.74
73.7,84.0,38.24,2.1,1.63
73.9,84.0,37.96,2.65,1.52
74.1,84.0,37.67,2.1,1.41
74.3,84.0,37.35,1.95,1.31
74.5,84.1,37.01,2.16,1.21
74.7,84.1,36.65,2.49,1.11
74.9,84.1,36.27,2.05,1.01
75.1,84.1,35.87,1.95,0.92
75.1,84.1,35.45,1.95,0.85
75.3,84.1,35.02,2.16,0.78
75.5,85.5,34.56,2.0,0.8
75.8,85.5,34.09,2.67,0.74
75.8,85.5,33.61,2.67,0.7
76.0,85.5,33.1,1.75,0.66
76.2,85.5,32.58,1.78,0.62
76.4,85.5,32.05,2.0,0.59
76.4,85.5,31.5,2.0,0.58
76.6,85.5,30.93,1.34,0.56
76.8,85.5,30.35,2.1,0.54
77.0,85.5,29.76,1.67,0.52
77.0,85.5,29.16,1.67,0.52
77.2,85.5,28.54,1.82,0.51
77.2,85.4,27.91,1.82,0.5
77.4,85.4,27.27,1.11,0.49
77.4,85.4,26.61,1.11,0.49
77.8,85.4,25.95,4.1,0.47
77.8,85.4,25.28,4.1,0.47
78.0,85.4,24.59,1.64,0.46
78.0,85.4,23.9,1.64,0.46
78.2,85.4,23.19,1.12,0.44
78.2,85.4,21.76,0.0,0.66
78.4,85.4,21.03,1.84,0.76
78.4,84.8,20.29,1.84,0.77
78.6,84.8,19.55,1.21,0.77
78.6,84.8,18.8,1.21,0.77
78.6,84.8,18.04,1.21,0.77
78.6,84.8,17.63,1.21,0.77
78.6,84.8,16.86,1.21,0.77
78.6,84.8,16.08,1.21,0.77
78.6,83.8,15.3,1.21,0.7
78.6,83.8,14.51,1.21,0.7
78.8,83.8,13.72,0.3,0.66
78.8,84.7,12.92,0.3,0.69
78.8,84.7,12.12,0.3,0.69
79.0,84.7,11.32,0.81,0.7
79.0,81.3,10.51,0.81,0.49
79.0,81.3,9.7,0.81,0.49
79.0,81.3,8.89,0.81,0.49
79.0,81.4,8.07,0.81,0.39
79.0,81.4,7.26,0.81,0.39
79.0,81.4,6.44,0.81,0.39
79.0,81.7,5.62,0.81,0.36
79.0,81.7,4.81,0.81,0.36
79.0,81.7,4.0,0.81,0.36
79.0,81.7,3.19,0.81,0.36
79.0,81.7,2.4,0.81,0.36
79.0,81.7,1.62,0.81,0.36
79.0,77.6,0.86,0.81,0.09
79.0,77.6,0.14,0.81,0.09
79.0,77.6,-0.99,0.81,0.09
79.0,77.6,-1.94,0.81,0.09
79.0,77.6,-2.83,0.81,0.09
79.0,77.6,-3.7,0.81,0.09
78.8,77.5,-4.56,-0.13,-0.09
78.8,77.5,-5.42,-0.13,-0.09
78.8,77.5,-6.27,-0.13,-0.09
78.8,73.4,-7.12,-0.13,-0.38
78.8,73.4,-7.97,-0.13,-0.38
78.8,73.4,-8.81,-0.13,-0.38
78.8,73.4,-9.66,-0.13,-0.38
78.8,72.9,-10.5,-0.13,-0.55
78.8,72.9,-11.34,-0.13,-0.55
78.8,72.9,-12.17,-0.13,-0.55
78.6,72.9,-13.01,-0.25,-0.63
78.6,72.9,-13.84,-0.25,-0.63
78.6,72.9,-14.67,-0.25,-0.63
78.4,72.9,-15.49,-0.65,-0.65
78.4,72.9,-16.31,-0.65,-0.65
78.4,72.9,-17.13,-0.65,-0.65
78.4,70.5,-17.94,-0.65,-0.81
78.2,70.5,-18.75,-0.58,-0.88
78.2,70.5,-19.56,-0.58,-0.88
78.2,69.9,-20.36,-0.58,-0.95
78.0,69.9,-21.15,-1.12,-0.97
78.0,69.9,-21.94,-1.12,-0.97
78.0,69.9,-22.72,-1.12,-0.97
72.4,58.1,37.94,0.0,0.55
72.8,58.1,37.75,6.32,1.13
73.0,58.1,37.54,3.42,1.11
72.8,58.1,37.31,-1.86,1.12
73.1,58.1,37.05,3.97,1.08
73.1,58.1,36.78,3.97,1.07
73.5,58.1,36.48,3.9,1.01
73.5,58.1,36.16,3.9,0.99
73.5,58.1,35.82,3.9,0.98
73.5,58.1,35.47,3.9,0.96
73.5,58.1,35.09,3.9,0.94
73.5,58.1,34.69,3.9,0.93
73.5,57.7,34.28,3.9,0.86
73.5,57.7,33.85,3.9,0.83
73.8,57.7,33.4,0.46,0.77
74.0,57.7,32.93,5.86,0.71
74.2,57.7,32.44,2.28,0.65
74.4,57.7,31.94,1.68,0.59
74.4,57.7,31.43,1.68,0.55
74.2,57.7,30.9,-1.15,0.52
74.0,57.7,30.35,-5.47,0.49
74.0,57.7,29.79,0.0,0.42
74.7,57.4,27.41,2.68,-1.47
74.9,57.4,26.79,2.46,-1.87
75.0,57.4,26.15,0.86,-2.08
73.4,57.4,25.5,-41.3,-2.11
71.1,57.4,24.84,-24.61,-1.82
69.6,57.4,24.17,-11.75,-1.61
69.0,57.4,23.49,-8.22,-1.53
68.5,57.4,22.8,-7.24,-1.48
68.5,57.4,22.1,-7.24,-1.48
68.3,57.4,21.39,-1.67,-1.45
68.3,57.4,20.67,-1.67,-1.45
68.3,57.4,19.95,-1.67,-1.45
68.5,57.2,19.22,0.61,-1.46
68.5,57.2,18.48,0.61,-1.46
68.5,57.2,17.73,0.61,-1.46
68.5,57.2,16.98,0.61,-1.46
68.5,57.2,16.57,0.61,-1.46
68.5,57.2,15.8,0.61,-1.46
68.5,57.1,15.03,0.61,-1.47
68.5,57.1,14.25,0.61,-1.47
68.5,57.1,13.46,0.61,-1.47
68.5,57.1,12.67,0.61,-1.47
68.5,57.1,11.88,0.61,-1.47
68.7,57.1,11.08,0.23,-1.49
68.7,56.9,10.28,0.23,-1.51
68.7,56.9,9.48,0.23,-1.51
68.7,56.9,8.67,0.23,-1.51
68.7,56.9,7.86,0.23,-1.51
68.7,56.9,7.05,0.23,-1.51
68.7,56.9,6.24,0.23,-1.51
68.7,56.9,5.43,0.23,-1.51
68.7,57.1,4.62,0.23,-1.51
68.7,57.1,3.81,0.23,-1.51
68.7,57.1,3.01,0.23,-1.51
68.7,57.1,2.22,0.23,-1.51
68.7,57.1,1.45,0.23,-1.51
68.7,57.1,0.7,0.23,-1.51
68.7,55.7,-0.02,0.23,-1.6
68.7,55.7,-1.2,0.23,-1.6
68.7,55.7,-2.13,0.23,-1.6
68.7,55.7,-3.01,0.23,-1.6
68.7,55.7,-3.88,0.23,-1.6
68.7,55.7,-4.74,0.23,-1.6
68.7,55.8,-5.6,0.23,-1.64
68.7,55.8,-6.45,0.23,-1.64
68.7,55.8,-7.3,0.23,-1.64
68.7,55.8,-8.15,0.23,-1.64
68.7,55.8,-9.0,0.23,-1.64
68.7,55.8,-9.84,0.23,-1.64
68.7,54.0,-10.69,0.23,-1.78
68.7,54.0,-11.53,0.23,-1.78
68.7,54.0,-12.37,0.23,-1.78
68.7,54.0,-13.21,0.23,-1.78
68.7,54.0,-14.04,0.23,-1.78
68.7,54.0,-14.87,0.23,-1.78
68.7,54.0,-15.7,0.23,-1.78
68.7,54.0,-16.53,0.23,-1.78
68.7,54.0,-17.35,0.23,-1.78
68.7,53.0,-18.17,0.23,-1.91
68.7,53.0,-18.99,0.23,-1.91
68.7,53.0,-19.8,0.23,-1.91
68.7,53.0,-20.61,0.23,-1.91
68.7,52.5,-21.41,0.23,-2.01
68.7,52.5,-22.21,0.23,-2.01
68.7,52.5,-23.0,0.23,-2.01
68.7,52.5,-23.79,0.23,-2.01
68.7,52.5,-24.57,0.23,-2.01
68.7,52.5,-25.34,0.23,-2.01
68.7,52.5,-26.11,0.23,-2.01
68.7,52.5,-26.87,0.23,-2.01
68.7,52.5,-27.62,0.23,-2.01
68.7,52.0,-28.37,0.23,-2.09
68.7,52.0,-29.11,0.23,-2.09
68.7,52.0,-29.84,0.23,-2.09
68.7,50.8,-30.56,0.23,-2.21
68.7,50.8,-31.27,0.23,-2.21
68.7,50.8,-31.97,0.23,-2.21
68.7,50.8,-32.66,0.23,-2.21
68.7,50.8,-33.34,0.23,-2.21
68.7,50.8,-34.01,0.23,-2.21
68.7,50.8,-34.66,0.23,-2.21
66.4,50.8,-35.31,-0.47,-2.12
66.8,50.8,-35.94,3.82,-2.08
67.2,49.4,-36.56,5.86,-2.21
67.6,49.4,-37.17,4.1,-2.32
67.8,49.4,-37.76,3.57,-2.36
68.0,49.4,-38.33,1.91,-2.39
68.0,49.4,-38.89,1.91,-2.39
68.0,49.4,-39.44,1.91,-2.39
68.2,49.4,-39.97,0.86,-2.42
68.2,49.4,-40.48,0.86,-2.42
68.2,49.4,-40.97,0.86,-2.42
68.2,49.3,-41.44,0.86,-2.44
68.2,49.3,-41.9,0.86,-2.44
68.2,49.3,-42.34,0.86,-2.44
68.2,49.3,-42.75,0.86,-2.44
68.2,48.4,-43.15,0.86,-2.51
68.2,48.4,-43.52,0.86,-2.51
68.2,48.4,-43.87,0.86,-2.51
68.2,48.4,-44.2,0.86,-2.51
68.2,48.4,-44.51,0.86,-2.51
68.2,48.4,-44.79,0.86,-2.51
68.2,48.5,-45.05,0.86,-2.54
68.2,48.5,-45.28,0.86,-2.54
68.2,48.5,-45.49,0.86,-2.54
68.0,48.5,-45.68,-0.15,-2.54
68.0,48.5,-45.84,-0.15,-2.54
68.0,48.5,-45.97,-0.15,-2.54
68.0,47.7,-46.08,-0.15,-2.59
68.0,47.7,-46.16,-0.15,-2.59
68.0,47.7,-46.21,-0.15,-2.59
68.0,47.7,-46.24,-0.15,-2.59
67.8,47.7,-46.24,-0.39,-2.6
67.8,47.7,-46.21,-0.39,-2.6
67.8,47.7,-46.16,-0.39,-2.6
67.8,47.7,-46.08,-0.39,-2.6
67.8,47.7,-45.98,-0.39,-2.6
67.8,47.7,-45.85,-0.39,-2.6
67.8,47.7,-45.69,-0.39,-2.6
67.8,47.7,-45.51,-0.39,-2.6
67.8,46.8,-45.3,-0.39,-2.67
67.8,46.8,-45.07,-0.39,-2.67
67.6,46.8,-44.82,-0.24,-2.69
67.6,46.8,-44.54,-0.24,-2.69
67.6,46.8,-44.23,-0.24,-2.69
67.6,46.8,-43.9,-0.24,-2.69
67.6,46.8,-43.56,-0.24,-2.69
67.6,46.8,-43.18,-0.24,-2.69
67.4,46.8,-42.79,-0.37,-2.68
67.4,46.8,-42.38,-0.37,-2.68
67.4,47.0,-41.94,-0.37,-2.67
67.4,47.0,-41.49,-0.37,-2.67
67.4,47.0,-41.02,-0.37,-2.67
67.4,46.0,-40.53,-0.37,-2.73
67.4,46.0,-40.02,-0.37,-2.73
67.4,46.0,-39.49,-0.37,-2.73
67.2,46.0,-38.95,-0.33,-2.74
67.2,46.0,-38.39,-0.33,-2.74
67.2,46.0,-37.82,-0.33,-2.74
67.2,46.0,-37.23,-0.33,-2.74
67.2,46.0,-36.63,-0.33,-2.74
67.2,46.0,-36.01,-0.33,-2.74
67.2,46.0,-35.38,-0.33,-2.74
67.2,46.0,-34.74,-0.33,-2.74
67.2,46.0,-34.08,-0.33,-2.74
67.2,45.6,-33.42,-0.33,-2.77
67.2,45.6,-32.74,-0.33,-2.77
67.2,45.6,-32.05,-0.33,-2.77
67.2,45.6,-31.35,-0.33,-2.77
67.2,45.6,-30.64,-0.33,-2.77
67.0,45.6,-29.92,-0.17,-2.78
67.0,45.5,-29.2,-0.17,-2.79
67.0,45.5,-28.46,-0.17,-2.79
67.0,45.5,-27.72,-0.17,-2.79
67.0,47.2,-26.97,-0.17,-2.68
67.0,47.2,-26.21,-0.17,-2.68
67.0,47.2,-25.45,-0.17,-2.68
67.0,47.2,-24.67,-0.17,-2.68
67.0,45.1,-23.9,-0.17,-2.76
67.0,45.1,-23.11,-0.17,-2.76
67.0,45.1,-22.32,-0.17,-2.76
67.0,45.1,-21.53,-0.17,-2.76
67.0,45.1,-20.73,-0.17,-2.76
66.8,45.1,-19.92,-0.19,-2.79
66.8,45.2,-19.11,-0.19,-2.8
66.8,45.2,-18.3,-0.19,-2.8
66.8,45.2,-17.48,-0.19,-2.8
66.8,45.4,-16.66,-0.19,-2.79
66.8,45.4,-15.84,-0.19,-2.79
66.8,45.4,-15.01,-0.19,-2.79
67.0,45.4,-14.19,0.33,-2.8
67.0,45.4,-13.35,0.33,-2.8
67.0,45.4,-12.52,0.33,-2.8
67.2,45.4,-11.68,0.8,-2.82
67.2,45.4,-10.84,0.8,-2.82
67.2,45.4,-10.0,0.8,-2.82
67.4,45.4,-9.16,1.08,-2.84
67.4,45.4,-8.32,1.08,-2.84
67.6,45.4,-7.47,1.07,-2.86
67.6,45.6,-6.63,1.07,-2.86
67.6,45.6,-5.78,1.07,-2.86
67.6,45.6,-4.93,1.07,-2.86
67.6,45.6,-4.07,1.07,-2.86
67.8,45.6,-3.21,0.43,-2.87
67.8,45.6,-2.33,0.43,-2.87
67.8,45.6,-1.43,0.43,-2.87
67.8,45.6,-0.37,0.43,-2.87
68.0,45.6,0.52,0.67,-2.89
68.0,45.6,1.26,0.67,-2.89
68.0,45.6,2.02,0.67,-2.89
68.2,45.6,2.8,0.8,-2.91
68.2,45.6,3.59,0.8,-2.91
68.2,46.9,4.39,0.8,-2.84
68.2,46.9,5.2,0.8,-2.84
68.4,46.9,6.0,0.64,-2.82
68.4,46.9,6.81,0.64,-2.82
68.4,46.9,7.61,0.64,-2.82
68.4,46.9,8.41,0.64,-2.82
68.4,46.9,9.21,0.64,-2.82
68.4,46.9,10.01,0.64,-2.82
68.4,46.9,10.81,0.64,-2.82
68.4,47.1,11.6,0.64,-2.79
68.4,47.1,12.39,0.64,-2.79
68.4,47.1,13.17,0.64,-2.79
68.4,48.4,13.95,0.64,-2.7
68.4,48.4,14.72,0.64,-2.7
68.4,48.4,15.49,0.64,-2.7
68.4,48.4,16.25,0.64,-2.7
68.4,48.4,17.0,0.64,-2.7
68.2,48.4,17.75,-0.16,-2.64
68.2,48.4,18.49,-0.16,-2.64
68.2,48.4,19.22,-0.16,-2.64
68.2,48.4,19.95,-0.16,-2.64
68.2,48.4,20.67,-0.16,-2.64
68.2,48.4,21.38,-0.16,-2.64
68.2,48.4,22.08,-0.16,-2.64
68.4,49.8,22.77,0.31,-2.52
68.4,49.8,23.46,0.31,-2.52
68.2,49.8,24.13,-1.11,-2.46
68.2,49.8,24.79,-1.11,-2.46
68.0,49.8,25.44,-2.1,-2.41
67.8,49.8,26.09,-1.64,-2.38
67.8,49.8,26.72,-1.64,-2.38
67.8,49.8,27.33,-1.64,-2.38
67.8,49.8,27.94,-1.64,-2.38
67.8,49.8,28.53,-1.64,-0.28
67.6,49.8,29.11,-0.48,0.04
67.6,49.8,29.68,-0.48,0.16
67.6,49.8,30.23,-0.48,0.25
67.6,51.8,30.77,-0.48,0.57
67.6,51.8,31.29,-0.48,0.63
67.4,51.8,31.8,-0.49,0.7
67.4,51.8,32.29,-0.49,0.75
67.4,51.8,32.76,-0.49,0.78
67.4,51.8,33.22,-0.49,0.81
67.2,51.8,33.66,-0.56,0.86
67.2,51.8,34.09,-0.56,0.88
67.2,51.8,34.49,-0.56,0.91
67.2,51.8,34.88,-0.56,0.92
67.2,51.8,35.24,-0.56,0.94
67.0,51.8,35.59,-0.46,0.98
67.0,54,35.92,-0.46,1.25
67.0,54,36.23,-0.46,1.3
67.0,54,36.51,-0.46,1.31
67.0,54,36.78,-0.46,1.32
67.0,54,37.03,-0.46,1.33
66.8,54,37.25,-0.44,1.36
66.8,54.0,37.45,-0.44,1.37
66.8,54.0,37.63,-0.44,1.38
66.8,54.0,37.78,-0.44,1.38
66.8,57.1,37.92,-0.44,1.59
66.6,57.1,38.03,-0.46,1.82
66.6,57.1,38.12,-0.46,1.82
66.6,57.1,38.18,-0.46,1.82
66.6,56.5,38.22,-0.46,1.76
66.6,56.5,38.24,-0.46,1.76
66.6,56.5,38.23,-0.46,1.76
66.6,56.5,38.21,-0.46,1.76
66.6,56.5,38.15,-0.46,1.75
66.6,56.5,38.08,-0.46,1.75
66.6,56.5,37.98,-0.46,1.75
66.6,56.5,37.86,-0.46,1.74
66.6,56.5,37.71,-0.46,1.74
66.6,59.0,37.55,-0.46,2.05
66.6,59.0,37.36,-0.46,2.05
66.6,59.0,37.15,-0.46,2.04
66.6,58.2,36.91,-0.46,1.93
66.6,58.2,36.66,-0.46,1.92
66.6,58.2,36.38,-0.46,1.91
66.6,58.2,36.09,-0.46,1.9
66.6,58.2,35.77,-0.46,1.89
66.6,58.2,35.43,-0.46,1.87
66.6,58.2,35.07,-0.46,1.85
66.6,58.2,34.7,-0.46,1.84
66.6,58.2,34.3,-0.46,1.82
66.6,59.4,33.89,-0.46,1.93
66.6,59.4,33.46,-0.46,1.93
66.8,59.4,33.01,0.09,1.88
66.8,59.4,32.54,0.09,1.84
66.8,59.4,32.06,0.09,1.81
66.8,59.4,31.56,0.09,1.77
66.8,59.4,31.04,0.09,1.72
66.8,59.4,30.51,0.09,1.67
66.8,59.4,29.97,0.09,1.6
66.8,59.4,29.41,0.09,1.51
66.8,59.4,28.84,0.09,1.38
67.0,59.4,28.25,0.28,1.11
67.0,59.4,27.65,0.28,-0.14
67.0,59.9,27.04,0.28,-0.53
67.0,59.9,26.41,0.28,-0.53
67.0,59.9,25.78,0.28,-0.53
67.2,59.9,25.13,0.53,-0.74
67.2,59.9,24.47,0.53,-0.74
67.2,59.9,23.8,0.53,-0.74
67.2,59.9,23.12,0.53,-0.74
67.4,59.9,22.44,0.53,-0.86
67.4,59.9,21.74,0.53,-0.86
67.4,59.9,21.03,0.53,-0.86
67.4,59.9,20.32,0.53,-0.86
67.6,59.9,19.59,0.54,-0.93
67.6,59.5,18.86,0.54,-0.99
67.6,59.5,18.12,0.54,-0.99
67.6,59.5,17.38,0.54,-0.99
67.6,59.5,16.62,0.54,-0.99
67.6,59.5,16.21,0.54,-0.99
67.6,59.5,15.45,0.54,-0.99
67.6,59.6,14.68,0.54,-1.02
67.6,59.6,13.9,0.54,-1.02
67.6,59.6,13.11,0.54,-1.02
67.6,unknown,12.33,0.54,-4.9
67.6,unknown,11.53,0.54,-4.9
67.6,unknown,10.74,0.54,-4.9
67.6,unknown,9.94,0.54,-4.9
67.6,unknown,9.13,0.54,-4.9
67.6,unknown,8.33,0.54,-4.9
67.6,unknown,7.52,0.54,-4.9
67.6,unknown,6.71,0.54,-4.9
67.6,unknown,5.9,0.54,-4.9
67.6,unknown,5.09,0.54,-4.9
67.6,unknown,4.29,0.54,-4.9
67.6,unknown,3.49,0.54,-4.9
67.6,unknown,2.69,0.54,-4.9
67.6,unknown,1.91,0.54,-4.9
67.6,unknown,1.15,0.54,-4.9
67.6,unknown,0.41,0.54,-4.9
67.6,unknown,-0.57,0.54,-4.9
67.6,unknown,-1.58,0.54,-4.9
67.6,unknown,-2.49,0.54,-4.9
67.6,unknown,-3.36,0.54,-4.9
67.6,unknown,-4.23,0.54,-4.9
67.6,unknown,-5.08,0.54,-4.9
67.6,unknown,-5.94,0.54,-4.9
67.6,unknown,-6.79,0.54,-4.9
67.6,unknown,-7.64,0.54,-4.9
67.6,56.5,-8.49,0.54,-3.17
67.6,56.5,-9.34,0.54,-3.17
67.6,56.5,-10.18,0.54,-3.17
68.7,54.3,-11.87,0.0,-1.98
68.7,54.3,-12.71,0.0,-1.98
68.7,54.3,-13.55,0.0,-1.98
68.7,54.3,-14.38,0.0,-1.98
68.7,54.3,-15.22,0.0,-1.98
68.7,54.3,-16.05,0.0,-1.98
68.7,54.3,-16.87,0.0,-1.98
68.7,54.3,-17.7,0.0,-1.98
68.5,54.3,-18.52,-0.29,-1.91
68.5,53.1,-19.33,-0.29,-1.96
68.5,53.1,-20.15,0.0,-1.98
68.5,53.1,-20.95,0.0,-1.98
68.5,53.1,-21.76,0.0,-1.98
68.5,53.1,-22.56,0.0,-1.98
68.5,53.1,-23.35,0.0,-1.98
68.7,53.1,-24.14,0.46,-2.0
68.7,53.1,-24.92,0.46,-2.0
68.7,53.1,-25.69,0.46,-2.0
68.7,53.1,-26.46,0.46,-2.0
68.5,53.1,-27.22,-0.71,-2.0
68.3,53.1,-27.98,-2.49,-1.99
68.1,53.1,-28.73,-1.58,-1.97
68.1,51.8,-29.47,-1.58,-2.04
67.9,51.8,-30.2,-1.12,-2.07
67.9,51.8,-30.92,-1.12,-2.07
67.9,51.8,-31.63,-1.12,-2.07
67.9,51.8,-32.33,-1.12,-2.07
67.9,51.8,-33.02,-1.12,-2.07
67.9,51.8,-33.71,-1.12,-2.07
67.9,51.8,-34.38,-1.12,-2.07
67.9,51.8,-35.04,-1.12,-2.07
67.9,51.8,-35.68,-1.12,-2.07
67.9,51.8,-36.32,-1.12,-2.07
67.7,51.8,-36.94,-0.25,-2.07
67.7,51.8,-37.54,-0.25,-2.07
67.5,50.2,-38.14,-1.11,-2.21
67.5,50.2,-38.71,-1.11,-2.21
67.5,50.2,-39.28,-1.11,-2.21
67.5,50.2,-39.82,-1.11,-2.21
67.3,50.2,-40.35,-0.75,-2.22
67.3,50.2,-40.86,-0.75,-2.22
67.3,50.2,-41.36,-0.75,-2.22
67.3,50.2,-41.83,-0.75,-2.22
67.3,50.2,-42.29,-0.75,-2.22
67.3,50.2,-42.73,-0.75,-2.22
67.1,50.2,-43.14,-0.38,-2.21
67.1,50.2,-43.54,-0.38,-2.21
67.1,48.9,-43.91,-0.38,-2.29
67.1,48.9,-44.27,-0.38,-2.29
67.1,48.9,-44.59,-0.38,-2.29
67.1,48.9,-44.9,-0.38,-2.29
67.1,48.9,-45.18,-0.38,-2.29
67.1,48.9,-45.44,-0.38,-2.29
66.9,48.9,-45.68,-0.29,-2.31
66.9,48.9,-45.89,-0.29,-2.31
66.9,48.9,-46.07,-0.29,-2.31
66.9,48.9,-46.23,-0.29,-2.31
66.7,50.0,-46.36,-0.58,-2.21
66.7,50.0,-46.47,-0.58,-2.21
66.7,50.0,-46.55,-0.58,-2.21
66.7,47.9,-46.6,-0.58,-2.33
66.7,47.9,-46.63,-0.58,-2.33
66.5,47.9,-46.63,-0.52,-2.37
66.5,47.9,-46.6,-0.52,-2.37
66.5,47.9,-46.54,-0.52,-2.37
66.5,47.9,-46.46,-0.52,-2.37
66.5,47.9,-46.36,-0.52,-2.37
66.5,47.9,-46.22,-0.52,-2.37
66.5,47.9,-46.06,-0.52,-2.37
66.3,49.4,-45.88,-0.31,-2.25
66.3,49.4,-45.67,-0.31,-2.25
66.3,49.4,-45.43,-0.31,-2.25
66.3,47.1,-45.18,-0.31,-2.37
66.3,47.1,-44.89,-0.31,-2.37
66.1,47.1,-44.58,-0.52,-2.42
66.1,47.1,-44.25,-0.52,-2.42
66.1,47.1,-43.9,-0.52,-2.42
65.9,47.1,-43.53,-0.85,-2.43
65.9,47.1,-43.13,-0.85,-2.43
65.9,47.1,-42.71,-0.85,-2.43
65.9,47.1,-42.28,-0.85,-2.43
65.9,46.3,-41.82,-0.85,-2.49
65.7,46.3,-41.34,-0.48,-2.51
65.7,46.3,-40.85,-0.48,-2.51
65.7,46.3,-40.34,-0.48,-2.51
65.7,46.3,-39.81,-0.48,-2.51
65.5,46.3,-39.26,-0.58,-2.5
65.5,46.3,-38.7,-0.58,-2.5
65.5,46.3,-38.12,-0.58,-2.5
65.5,46.3,-37.53,-0.58,-2.5
65.5,46.3,-36.93,-0.58,-2.5
65.5,46.3,-36.31,-0.58,-2.5
65.5,46.3,-35.67,-0.58,-2.5
65.5,46.3,-35.03,-0.58,-2.5
65.5,45.5,-34.37,-0.58,-2.55
65.5,45.5,-33.7,-0.58,-2.55
65.5,45.5,-33.02,-0.58,-2.55
65.5,45.5,-32.33,-0.58,-2.55
65.5,45.5,-31.62,-0.58,-2.55
65.3,45.5,-30.91,-0.19,-2.56
65.3,45.5,-30.19,-0.19,-2.56
65.3,45.5,-29.46,-0.19,-2.56
65.3,45.5,-28.73,-0.19,-2.56
65.3,45.5,-27.98,-0.19,-2.56
65.3,45.5,-27.23,-0.19,-2.56
65.3,45.5,-26.47,-0.19,-2.56
65.3,44.7,-25.7,-0.19,-2.62
65.3,44.7,-24.93,-0.19,-2.62
65.3,44.7,-24.15,-0.19,-2.62
65.3,44.7,-23.36,-0.19,-2.62
65.3,44.7,-22.57,-0.19,-2.62
65.3,44.7,-21.77,-0.19,-2.62
65.3,44.7,-20.97,-0.19,-2.62
65.3,44.7,-20.17,-0.19,-2.62
65.3,44.7,-19.36,-0.19,-2.62
65.3,44.7,-18.54,-0.19,-2.62
65.3,44.7,-17.72,-0.19,-2.62
65.3,44.7,-16.9,-0.19,-2.62
65.3,44.7,-16.08,-0.19,-2.62
65.3,43.6,-15.25,-0.19,-2.72
65.5,43.6,-14.42,0.11,-2.78
65.5,43.6,-13.59,0.11,-2.78
65.5,43.6,-12.75,0.11,-2.78
65.5,43.6,-11.92,0.11,-2.78
65.5,43.6,-11.08,0.11,-2.78
65.7,43.5,-10.24,0.48,-2.85
65.7,43.5,-9.4,0.48,-2.85
65.7,43.5,-8.55,0.48,-2.85
65.7,43.5,-7.71,0.48,-2.85
65.7,43.5,-6.86,0.48,-2.85
65.9,43.5,-6.01,0.51,-2.88
65.9,43.0,-5.16,0.51,-2.93
65.9,43.0,-4.31,0.51,-2.93
65.9,43.0,-3.45,0.51,-2.93
66.1,43.0,-2.58,0.55,-2.97
66.1,43.0,-1.68,0.55,-2.97
66.1,43.0,-0.7,0.55,-2.97
66.1,43.0,0.32,0.55,-2.97
66.1,43.0,1.05,0.55,-2.97
66.3,43.0,1.81,0.51,-3.0
66.5,43.5,2.58,2.83,-3.01
66.5,43.5,3.37,2.83,-3.01
66.5,43.5,4.16,2.83,-3.01
66.7,45.6,4.96,0.82,-2.88
66.9,45.6,5.77,2.49,-2.82
66.9,45.6,6.57,2.49,-2.82
66.9,45.6,7.37,2.49,-2.82
66.9,45.6,8.17,2.49,-2.82
66.9,45.6,8.97,2.49,-2.82
66.9,45.6,9.77,2.49,-2.82
66.9,45.6,10.56,2.49,-2.82
66.7,45.6,11.35,-0.33,-2.78
66.7,45.6,12.14,-0.33,-2.78
66.5,48.9,12.92,-1.05,-2.42
66.5,48.9,13.69,-1.05,-2.42
66.5,48.9,14.47,-1.05,-2.42
66.5,48.9,15.23,-1.05,-2.42
66.3,48.9,15.99,-0.75,-2.34
66.3,48.9,16.74,-0.75,-2.34
66.3,48.9,17.49,-0.75,-2.34
66.1,48.9,18.23,-0.63,-2.29
66.1,48.9,18.96,-0.63,-2.29
66.1,48.9,19.68,-0.63,-2.29
66.1,48.9,20.4,-0.63,-2.29
66.1,48.9,21.11,-0.63,-2.29
66.1,55.8,21.81,-0.63,-1.81
65.9,55.8,22.5,-0.42,-1.56
65.9,55.8,23.18,-0.42,-1.56
65.9,55.8,23.85,-0.42,-1.56
65.9,55.8,24.51,-0.42,-1.56
65.7,55.8,25.16,-0.56,-1.42
65.7,55.8,25.79,-0.56,-1.42
65.7,55.8,26.42,-0.56,-1.42
65.7,55.8,27.04,-0.56,-1.42
65.7,55.8,27.64,-0.56,-1.42
65.7,55.8,28.23,-0.56,0.14
65.5,55.8,28.81,-0.41,0.99
65.5,61.1,29.37,-0.41,1.68
65.5,61.1,29.92,-0.41,1.94
65.5,61.1,30.45,-0.41,2.02
65.5,61.1,30.97,-0.41,2.08
65.5,61.1,31.48,-0.41,2.13
65.5,61.1,31.96,-0.41,2.18
65.5,61.1,32.44,-0.41,2.21
65.5,61.1,32.89,-0.41,2.24
65.5,61.1,33.33,-0.41,2.27
65.5,61.1,33.75,-0.41,2.3
65.5,61.1,34.15,-0.41,2.32
65.5,61.1,34.53,-0.41,2.34
65.5,61.1,34.9,-0.41,2.36
65.5,64.2,35.24,-0.41,2.76
65.5,64.2,35.57,-0.41,2.79
65.5,64.2,35.87,-0.41,2.8
65.5,64.2,36.16,-0.41,2.81
65.5,64.2,36.42,-0.41,2.83
65.5,64.2,36.66,-0.41,2.83
65.5,64.1,36.88,-0.41,2.84
65.5,64.1,37.08,-0.41,2.84
65.5,64.1,37.26,-0.41,2.84
65.5,64.1,37.41,-0.41,2.85
65.5,64.1,37.54,-0.41,2.85
65.5,64.1,37.65,-0.41,2.86
65.5,62.2,37.74,-0.41,2.65
65.5,62.2,37.8,-0.41,2.63
65.5,62.2,37.84,-0.41,2.63
65.5,62.2,37.86,-0.41,2.63
65.5,62.2,37.85,-0.41,2.63
65.5,62.2,37.82,-0.41,2.63
65.5,62.2,37.77,-0.41,2.63
65.7,62.2,37.69,0.07,2.6
65.7,62.2,37.59,0.07,2.59
65.7,62.2,37.47,0.07,2.59
65.9,62.2,37.32,0.71,2.56
65.9,62.2,37.16,0.71,2.55
65.9,62.2,36.97,0.71,2.54
66.1,64.2,36.75,0.73,2.77
66.1,64.2,36.52,0.73,2.76
66.1,64.2,36.27,0.73,2.75
66.3,64.2,35.99,0.99,2.71
66.3,64.2,35.69,0.99,2.7
66.3,64.2,35.38,0.99,2.69
66.5,64.5,35.04,0.77,2.68
66.5,64.5,34.68,0.77,2.67
66.5,64.5,34.31,0.77,2.65
66.5,64.5,33.91,0.77,2.63
66.7,64.5,33.5,0.63,2.58
66.7,64.5,33.07,0.63,2.55
66.9,65.8,32.62,0.92,2.67
66.9,65.8,32.16,0.92,2.63
66.9,65.8,31.67,0.92,2.59
66.9,65.8,31.18,0.92,2.55
66.9,65.8,30.66,0.92,2.5
67.1,65.8,30.13,0.55,2.42
67.1,65.8,29.59,0.55,2.33
67.3,65.8,29.03,1.05,2.2
67.3,65.8,28.46,1.05,2.01
67.3,66.3,27.87,1.05,0.33
67.5,66.3,27.28,0.82,0.09
67.5,66.3,26.67,0.82,0.09
67.5,65.7,26.04,0.82,-0.07
67.7,65.7,25.41,0.67,-0.17
67.7,65.7,24.76,0.67,-0.17
67.7,65.7,24.11,0.67,-0.17
67.7,65.7,23.44,0.67,-0.17
67.9,65.7,22.76,0.65,-0.23
67.9,65.7,22.07,0.65,-0.23
67.9,65.7,21.38,0.65,-0.23
67.9,65.7,20.67,0.65,-0.23
68.1,65.7,19.96,0.57,-0.27
68.1,65.7,19.24,0.57,-0.27
68.1,65.7,18.51,0.57,-0.27
68.1,65.7,17.77,0.57,-0.27
68.1,65.1,17.02,0.57,-0.33
68.1,65.1,16.27,0.57,-0.33
68.3,65.1,15.86,0.42,-0.37
68.3,65.1,15.1,0.42,-0.37
68.3,65.1,14.33,0.42,-0.37
68.3,65.1,13.55,0.42,-0.37
68.3,65.1,12.77,0.42,-0.37
68.3,65.1,11.98,0.42,-0.37
68.3,65.1,11.19,0.42,-0.37
68.3,63.7,10.39,0.42,-0.48
68.3,63.7,9.6,0.42,-0.48
68.3,63.7,8.79,0.42,-0.48
68.3,63,7.99,0.42,-0.58
68.3,63,7.18,0.42,-0.58
68.3,63,6.38,0.42,-0.58
68.3,63,5.57,0.42,-0.58
68.3,63,4.76,0.42,-0.58
68.3,63,3.96,0.42,-0.58
68.3,63,3.16,0.42,-0.58
68.3,63,2.37,0.42,-0.58
68.3,63,1.6,0.42,-0.58
68.3,60.4,0.85,0.42,-0.8
68.3,60.4,0.13,0.42,-0.8
68.3,60.4,-1.0,0.42,-0.8
68.3,60.4,-1.95,0.42,-0.8
68.3,60.4,-2.84,0.42,-0.8
68.3,60.4,-3.71,0.42,-0.8
68.3,60.4,-4.57,0.42,-0.8
68.3,60.4,-5.42,0.42,-0.8
68.3,60.4,-6.28,0.42,-0.8
68.3,60.4,-7.13,0.42,-0.8
68.3,60.4,-7.98,0.42,-0.8
68.3,60.4,-8.83,0.42,-0.8
68.3,60.4,-9.68,0.42,-0.8
68.3,56.8,-10.52,0.42,-1.15
68.3,56.8,-11.37,0.42,-1.15
68.3,56.8,-12.21,0.42,-1.15
68.3,56.8,-13.05,0.42,-1.15
68.3,56.8,-13.89,0.42,-1.15
68.3,56.8,-14.72,0.42,-1.15
68.3,56.8,-15.56,0.42,-1.15
68.3,56.8,-16.39,0.42,-1.15
68.3,56.8,-17.21,0.42,-1.15
68.3,57.2,-18.04,0.42,-1.3
68.3,57.2,-18.86,0.42,-1.3
68.3,57.2,-19.68,0.42,-1.3
68.3,54.9,-20.49,0.42,-1.52
68.1,54.9,-21.3,-0.05,-1.62
68.1,54.9,-22.1,-0.05,-1.62
68.1,54.9,-22.9,-0.05,-1.62
68.1,54.9,-23.7,-0.05,-1.62
68.1,54.9,-24.49,-0.05,-1.62
68.1,54.9,-25.27,-0.05,-1.62
68.1,54.9,-26.05,-0.05,-1.62
68.1,54.9,-26.82,-0.05,-1.62
68.1,54.9,-27.58,-0.05,-1.62
68.1,54.9,-28.33,-0.05,-1.62
68.1,54.9,-29.08,-0.05,-1.62
68.1,54.9,-29.82,-0.05,-1.62
68.1,53.4,-30.56,-0.05,-1.77
68.1,53.4,-31.28,-0.05,-1.77
67.9,53.4,-31.99,-0.16,-1.83
67.9,53.4,-32.7,-0.16,-1.83
67.9,53.4,-33.39,-0.16,-1.83
67.9,53.4,-34.07,-0.16,-1.83
67.9,53.4,-34.74,-0.16,-1.83
67.9,53.4,-35.4,-0.16,-1.83
67.9,53.4,-36.05,-0.16,-1.83
67.9,53.4,-36.69,-0.16,-1.83
67.9,53.4,-37.31,-0.16,-1.83
67.7,53.4,-37.92,-0.26,-1.84
67.7,51.8,-38.51,-0.26,-1.95
67.7,51.8,-39.09,-0.26,-1.95
67.7,51.8,-39.66,-0.26,-1.95
67.7,51.8,-40.2,-0.26,-1.95
67.7,51.8,-40.73,-0.26,-1.95
67.7,51.8,-41.25,-0.26,-1.95
67.7,51.8,-41.74,-0.26,-1.95
67.5,51.8,-42.22,-0.3,-2.0
67.5,51.8,-42.68,-0.3,-2.0
67.5,52.5,-43.12,-0.3,-1.98
67.5,52.5,-43.53,-0.3,-1.98
67.5,52.5,-43.93,-0.3,-1.98
67.3,50.6,-44.3,-0.52,-2.06
67.3,50.6,-44.66,-0.52,-2.06
67.3,50.6,-44.99,-0.52,-2.06
67.3,50.6,-45.29,-0.52,-2.06
67.3,50.6,-45.58,-0.52,-2.06
67.3,50.6,-45.84,-0.52,-2.06
67.3,50.6,-46.07,-0.52,-2.06
67.3,50.6,-46.28,-0.52,-2.06
67.1,50.6,-46.46,-0.3,-2.1
67.1,50.6,-46.62,-0.3,-2.1
67.1,51.7,-46.75,-0.3,-2.05
67.1,51.7,-46.86,-0.3,-2.05
67.1,51.7,-46.94,-0.3,-2.05
67.1,49.2,-46.99,-0.3,-2.19
67.1,49.2,-47.01,-0.3,-2.19
67.1,49.2,-47.01,-0.3,-2.19
67.1,49.2,-46.98,-0.3,-2.19
67.1,49.2,-46.92,-0.3,-2.19
67.1,49.2,-46.84,-0.3,-2.19
66.9,49.2,-46.73,-0.22,-2.25
66.9,49.2,-46.6,-0.22,-2.25
66.9,49.2,-46.44,-0.22,-2.25
66.7,50.6,-46.25,-0.92,-2.18
66.7,50.6,-46.03,-0.92,-2.18
66.7,50.6,-45.8,-0.92,-2.18
66.7,48.2,-45.53,-0.92,-2.29
66.7,48.2,-45.25,-0.92,-2.29
66.5,48.2,-44.94,-0.47,-2.33
66.5,48.2,-44.6,-0.47,-2.33
66.5,48.2,-44.25,-0.47,-2.33
66.5,48.2,-43.87,-0.47,-2.33
66.5,48.2,-43.47,-0.47,-2.33
66.5,48.2,-43.05,-0.47,-2.33
66.5,48.2,-42.61,-0.47,-2.33
66.3,48.2,-42.15,-0.33,-2.34
66.3,49.6,-41.67,-0.33,-2.26
66.3,49.6,-41.17,-0.33,-2.26
66.3,49.6,-40.66,-0.33,-2.26
66.1,47.0,-40.12,-0.59,-2.43
66.1,47.0,-39.57,-0.59,-2.43
66.1,47.0,-39.01,-0.59,-2.43
66.1,47.0,-38.43,-0.59,-2.43
66.1,47.0,-37.83,-0.59,-2.43
65.9,47.0,-37.22,-0.48,-2.44
65.9,47.0,-36.6,-0.48,-2.44
65.9,47.0,-35.96,-0.48,-2.44
65.7,47.0,-35.31,-0.81,-2.44
65.7,45.9,-34.65,-0.81,-2.51
65.7,45.9,-33.98,-0.81,-2.51
65.7,45.9,-33.3,-0.81,-2.51
65.7,45.9,-32.6,-0.81,-2.51
65.5,45.9,-31.9,-0.49,-2.53
65.5,45.9,-31.18,-0.49,-2.53
65.5,45.9,-30.46,-0.49,-2.53
65.5,45.9,-29.73,-0.49,-2.53
65.5,45.9,-28.99,-0.49,-2.53
65.5,45.9,-28.24,-0.49,-2.53
65.5,45.9,-27.49,-0.49,-2.53
65.5,45.9,-26.72,-0.49,-2.53
65.5,44.4,-25.96,-0.49,-2.64
65.5,44.4,-25.18,-0.49,-2.64
65.5,44.4,-24.4,-0.49,-2.64
65.5,44.4,-23.61,-0.49,-2.64
65.5,44.4,-22.82,-0.49,-2.64
65.5,44.4,-22.02,-0.49,-2.64
65.5,44.4,-21.22,-0.49,-2.64
65.5,44.4,-20.41,-0.49,-2.64
65.5,44.4,-19.6,-0.49,-2.64
65.5,44.4,-18.78,-0.49,-2.64
65.5,44.4,-17.96,-0.49,-2.64
65.5,44.4,-17.14,-0.49,-2.64
65.5,44.4,-16.32,-0.49,-2.64
65.7,43.5,-15.49,0.11,-2.82
65.7,43.5,-14.66,0.11,-2.82
65.7,43.5,-13.82,0.11,-2.82
65.7,43.5,-12.99,0.11,-2.82
65.7,43.5,-12.15,0.11,-2.82
65.9,43.5,-11.31,0.52,-2.87
65.9,43.5,-10.47,0.52,-2.87
65.9,43.5,-9.63,0.52,-2.87
65.9,43.5,-8.78,0.52,-2.87
65.9,43.5,-7.94,0.52,-2.87
66.1,43.5,-7.09,0.5,-2.9
66.1,43.5,-6.25,0.5,-2.9
66.1,42.9,-5.4,0.5,-2.96
66.3,42.9,-4.54,0.8,-3.0
66.3,42.9,-3.69,0.8,-3.0
66.3,42.9,-2.82,0.8,-3.0
66.3,42.9,-1.94,0.8,-3.0
66.5,42.9,-0.99,0.57,-3.03
66.7,42.9,0.13,2.64,-3.06
66.7,42.9,0.84,2.64,-3.06
66.7,42.9,1.59,2.64,-3.06
66.7,45.2,2.36,2.64,-2.93
66.7,45.2,3.14,2.64,-2.93
66.9,45.2,3.93,0.43,-2.88
66.9,45.2,4.73,0.43,-2.88
66.9,43.8,5.53,0.43,-2.94
66.9,43.8,6.33,0.43,-2.94
66.9,43.8,7.14,0.43,-2.94
66.9,43.8,7.93,0.43,-2.94
66.9,43.8,8.73,0.43,-2.94
66.9,43.8,9.53,0.43,-2.94
66.9,43.8,10.32,0.43,-2.94
66.9,43.8,11.11,0.43,-2.94
66.9,43.8,11.89,0.43,-2.94
66.9,47.4,12.67,0.43,-2.74
66.7,47.4,13.44,-0.2,-2.62
66.7,47.4,14.21,-0.2,-2.62
66.7,46.4,14.97,-0.2,-2.63
66.5,46.4,15.73,-0.79,-2.62
66.5,46.4,16.48,-0.79,-2.62
66.5,46.4,17.23,-0.79,-2.62
66.3,46.4,17.96,-0.75,-2.6
66.3,46.4,18.69,-0.75,-2.6
66.3,46.4,19.41,-0.75,-2.6
66.3,46.4,20.13,-0.75,-2.6
66.3,46.4,20.83,-0.75,-2.6
66.1,52.3,21.53,-0.52,-2.19
66.1,52.3,22.22,-0.52,-2.19
66.1,52.3,22.89,-0.52,-2.19
66.1,51.4,23.56,-0.52,-2.05
65.9,51.4,24.22,-0.62,-1.97
65.9,51.4,24.87,-0.62,-1.97
65.9,51.4,25.5,-0.62,-1.97
65.9,51.4,26.13,-0.62,-1.97
65.7,51.4,26.74,-0.52,-1.91
65.7,51.4,27.34,-0.52,-1.91
65.7,51.4,27.93,-0.52,-1.91
65.7,51.4,28.5,-0.52,0.19
65.7,51.4,29.06,-0.52,0.48
65.7,55.4,29.6,-0.52,1.12
65.5,55.4,30.14,-0.47,1.24
65.5,55.4,30.65,-0.47,1.31
65.5,55.4,31.15,-0.47,1.36
65.5,55.4,31.64,-0.47,1.41
65.5,55.4,32.11,-0.47,1.45
65.5,55.5,32.56,-0.47,1.49
65.5,55.5,32.99,-0.47,1.52
65.5,55.5,33.41,-0.47,1.55
65.5,55.5,33.81,-0.47,1.57
65.5,55.5,34.19,-0.47,1.59
65.5,55.5,34.55,-0.47,1.61
65.5,58.2,34.89,-0.47,1.96
65.5,58.2,35.21,-0.47,1.99
65.5,58.2,35.52,-0.47,2.01
65.5,58.2,35.8,-0.47,2.02
65.5,58.2,36.06,-0.47,2.03
65.5,58.2,36.3,-0.47,2.04
65.5,58.1,36.52,-0.47,2.04
65.5,58.1,36.71,-0.47,2.04
65.5,58.1,36.89,-0.47,2.05
65.5,58.1,37.04,-0.47,2.06
65.5,58.1,37.17,-0.47,2.06
65.5,58.1,37.27,-0.47,2.06
65.5,61.1,37.36,-0.47,2.37
65.5,61.1,37.42,-0.47,2.46
65.5,61.1,37.46,-0.47,2.46
65.5,61.1,37.47,-0.47,2.46
65.5,61.1,37.46,-0.47,2.46
65.5,61.1,37.43,-0.47,2.46
65.5,61.1,37.38,-0.47,2.46
65.5,61.1,37.3,-0.47,2.46
65.5,61.1,37.2,-0.47,2.46
65.5,61.1,37.08,-0.47,2.46
65.5,61.1,36.93,-0.47,2.45
65.7,61.1,36.76,0.07,2.42
65.7,61.1,36.57,0.07,2.41
65.7,63.6,36.36,0.07,2.72
65.7,63.6,36.13,0.07,2.72
65.9,63.6,35.88,0.71,2.68
65.9,63.6,35.6,0.71,2.67
65.9,63.6,35.3,0.71,2.66
65.9,63.6,34.99,0.71,2.64
65.9,63.6,34.65,0.71,2.63
66.1,63.6,34.29,0.43,2.59
66.1,63.6,33.92,0.43,2.56
66.1,63.6,33.53,0.43,2.54
66.3,63.6,33.11,0.91,2.49
66.3,63.6,32.68,0.91,2.46
66.3,65.4,32.24,0.91,2.63
66.3,65.4,31.77,0.91,2.63
66.5,65.4,31.29,0.64,2.56
66.5,65.4,30.79,0.64,2.51
66.7,65.4,30.28,0.91,2.44
66.7,65.4,29.75,0.91,2.36
66.7,65.4,29.21,0.91,2.26
66.7,65.4,28.66,0.91,2.12
66.9,65.4,28.08,0.79,1.72
66.9,66.8,27.5,0.79,0.37
66.9,66.8,26.9,0.79,0.37
66.9,66.8,26.29,0.79,0.37
66.9,66.8,25.67,0.79,0.37
67.1,66.4,25.04,0.43,0.03
67.1,66.4,24.4,0.43,0.03
67.1,66.4,23.74,0.43,0.03
67.1,66.3,23.07,0.43,-0.04
67.3,66.3,22.4,0.59,-0.09
67.3,66.3,21.71,0.59,-0.09
67.3,66.3,21.02,0.59,-0.09
67.3,66.3,20.31,0.59,-0.09
67.5,66.3,19.6,0.64,-0.12
67.5,66.3,18.88,0.64,-0.12
67.5,66.3,18.15,0.64,-0.12
67.5,66.3,17.41,0.64,-0.12
67.5,65.6,16.67,0.64,-0.18
67.5,65.6,15.92,0.64,-0.18
67.7,65.6,15.51,0.42,-0.23
67.7,65.6,14.75,0.42,-0.23
67.7,65.6,13.98,0.42,-0.23
67.7,65.6,13.2,0.42,-0.23
67.9,65.6,12.42,0.56,-0.26
67.9,65.6,11.64,0.56,-0.26
67.9,65.6,10.85,0.56,-0.26
67.9,64.1,10.05,0.56,-0.38
67.9,64.1,9.26,0.56,-0.38
67.9,64.1,8.46,0.56,-0.38
67.9,63.2,7.65,0.56,-0.5
67.9,63.2,6.85,0.56,-0.5
67.9,63.2,6.04,0.56,-0.5
67.9,63.3,5.24,0.56,-0.55
67.9,63.3,4.43,0.56,-0.55
68.1,63.3,3.63,0.21,-0.59
68.1,63.3,2.84,0.21,-0.59
68.1,63.3,2.06,0.21,-0.59
68.1,63.3,1.29,0.21,-0.59
68.1,63.3,0.55,0.21,-0.59
68.1,60.1,-0.32,0.21,-0.81
68.1,60.1,-1.39,0.21,-0.81
68.1,60.1,-2.31,0.21,-0.81
68.1,60.1,-3.18,0.21,-0.81
68.1,60.1,-4.05,0.21,-0.81
68.1,60.1,-4.91,0.21,-0.81
68.1,60.4,-5.76,0.21,-0.91
68.1,60.4,-6.62,0.21,-0.91
68.1,60.4,-7.47,0.21,-0.91
68.1,60.4,-8.32,0.21,-0.91
68.1,60.4,-9.17,0.21,-0.91
68.1,60.4,-10.01,0.21,-0.91
68.1,56.5,-10.86,0.21,-1.21
68.1,56.5,-11.7,0.21,-1.21
68.1,56.5,-12.55,0.21,-1.21
68.1,56.5,-13.39,0.21,-1.21
68.1,56.5,-14.22,0.21,-1.21
68.1,56.5,-15.06,0.21,-1.21
68.1,56.5,-15.89,0.21,-1.21
68.1,56.5,-16.73,0.21,-1.21
68.1,56.5,-17.55,0.21,-1.21
68.1,56.8,-18.38,0.21,-1.34
68.1,56.8,-19.2,0.21,-1.34
68.1,56.8,-20.02,0.21,-1.34
68.1,53.5,-20.83,0.21,-1.62
68.1,53.5,-21.64,0.21,-1.62
68.1,53.5,-22.45,0.21,-1.62
68.1,53.5,-23.25,0.21,-1.62
68.1,53.5,-24.04,0.21,-1.62
68.1,53.5,-24.83,0.21,-1.62
68.1,53.5,-25.62,0.21,-1.62
68.1,53.5,-26.39,0.21,-1.62
68.1,53.5,-27.17,0.21,-1.62
68.1,53.5,-27.93,0.21,-1.62
68.1,53.5,-28.69,0.21,-1.62
68.1,53.5,-29.44,0.21,-1.62
68.1,53.5,-30.18,0.21,-1.62
67.9,51.5,-30.91,-0.06,-2.01
67.9,51.5,-31.64,-0.06,-2.01
67.9,51.5,-32.35,-0.06,-2.01
67.9,51.5,-33.06,-0.06,-2.01
67.9,51.5,-33.75,-0.06,-2.01
67.9,51.5,-34.44,-0.06,-2.01
67.9,51.5,-35.11,-0.06,-2.01
67.9,51.5,-35.77,-0.06,-2.01
67.9,51.5,-36.42,-0.06,-2.01
67.9,51.5,-37.06,-0.06,-2.01
67.9,51.5,-37.68,-0.06,-2.01
67.9,51.5,-38.29,-0.06,-2.01
67.9,49.8,-38.89,-0.06,-2.18
67.9,49.8,-39.47,-0.06,-2.18
67.9,49.8,-40.03,-0.06,-2.18
67.9,49.8,-40.58,-0.06,-2.18
67.9,49.8,-41.11,-0.06,-2.18
67.9,49.8,-41.63,-0.06,-2.18
67.9,49.8,-42.13,-0.06,-2.18
67.9,49.8,-42.6,-0.06,-2.18
67.9,49.8,-43.06,-0.06,-2.18
67.9,49.8,-43.5,-0.06,-2.18
67.9,51.2,-43.92,-0.06,-2.18
67.9,51.2,-44.32,-0.06,-2.18
67.9,51.2,-44.69,-0.06,-2.18
67.7,48.8,-45.05,-0.1,-2.39
67.7,48.8,-45.38,-0.1,-2.39
67.7,48.8,-45.69,-0.1,-2.39
67.7,48.8,-45.97,-0.1,-2.39
67.7,48.8,-46.23,-0.1,-2.39
67.7,48.8,-46.46,-0.1,-2.39
67.7,48.8,-46.67,-0.1,-2.39
67.7,48.8,-46.85,-0.1,-2.39
67.7,48.8,-47.01,-0.1,-2.39
67.7,50.5,-47.14,-0.1,-2.31
67.5,50.5,-47.25,-0.25,-2.26
67.5,50.5,-47.32,-0.25,-2.26
67.5,48.0,-47.37,-0.25,-2.4
67.3,48.0,-47.4,-0.68,-2.45
67.3,48.0,-47.39,-0.68,-2.45
67.3,48.0,-47.36,-0.68,-2.45
67.3,48.0,-47.3,-0.68,-2.45
67.1,48.0,-47.22,-0.6,-2.47
67.1,48.0,-47.11,-0.6,-2.47
67.1,48.0,-46.97,-0.6,-2.47
67.1,48.0,-46.81,-0.6,-2.47
67.1,46.6,-46.61,-0.6,-2.57
67.1,46.6,-46.4,-0.6,-2.57
67.1,46.6,-46.16,-0.6,-2.57
67.1,46.6,-45.89,-0.6,-2.57
67.1,46.6,-45.6,-0.6,-2.57
66.9,46.6,-45.29,-0.27,-2.6
66.9,46.6,-44.95,-0.27,-2.6
66.9,47.0,-44.59,-0.27,-2.59
66.9,47.0,-44.21,-0.27,-2.59
66.9,47.0,-43.81,-0.27,-2.59
66.7,47.0,-43.38,-0.49,-2.58
66.7,47.0,-42.94,-0.49,-2.58
66.7,47.0,-42.47,-0.49,-2.58
66.5,45.7,-41.99,-0.68,-2.68
66.5,45.7,-41.49,-0.68,-2.68
66.5,45.7,-40.97,-0.68,-2.68
66.5,45.7,-40.44,-0.68,-2.68
66.5,45.7,-39.88,-0.68,-2.68
66.5,45.7,-39.31,-0.68,-2.68
66.3,45.7,-38.73,-0.42,-2.68
66.3,45.7,-38.13,-0.42,-2.68
66.3,45.7,-37.52,-0.42,-2.68
66.3,45.7,-36.89,-0.42,-2.68
66.1,45.7,-36.25,-0.64,-2.67
66.1,45.7,-35.6,-0.64,-2.67
66.1,44.7,-34.94,-0.64,-2.73
65.9,44.7,-34.26,-0.75,-2.74
65.9,44.7,-33.57,-0.75,-2.74
65.9,44.7,-32.88,-0.75,-2.74
65.9,44.7,-32.17,-0.75,-2.74
65.7,44.7,-31.45,-0.59,-2.74
65.7,44.7,-30.73,-0.59,-2.74
65.5,44.7,-29.99,-1.08,-2.72
65.5,44.7,-29.25,-1.08,-2.72
65.5,44.7,-28.5,-1.08,-2.72
65.5,44.7,-27.75,-1.08,-2.72
65.5,44.7,-26.98,-1.08,-2.72
65.7,44.7,-26.21,0.55,-2.73
65.7,43.5,-25.43,0.55,-2.81
65.7,43.5,-24.65,0.55,-2.81
65.7,43.5,-23.86,0.55,-2.81
65.7,43.5,-23.06,0.55,-2.81
65.7,43.5,-22.27,0.55,-2.81
65.9,43.5,-21.46,0.37,-2.86
65.9,43.5,-20.65,0.37,-2.86
65.9,43.5,-19.84,0.37,-2.86
65.9,43.5,-19.02,0.37,-2.86
65.9,43.5,-18.2,0.37,-2.86
65.9,43.5,-17.38,0.37,-2.86
65.9,43.5,-16.55,0.37,-2.86
65.9,42.5,-15.73,0.37,-2.95
65.9,42.5,-14.89,0.37,-2.95
66.1,42.5,-14.06,0.27,-3.01
66.1,42.5,-13.22,0.27,-3.01
66.1,42.5,-12.39,0.27,-3.01
66.1,42.5,-11.55,0.27,-3.01
66.1,42.5,-10.7,0.27,-3.01
66.3,42.5,-9.86,0.46,-3.05
66.3,42.5,-9.02,0.46,-3.05
66.3,42.7,-8.17,0.46,-3.06
66.3,42.7,-7.33,0.46,-3.06
66.3,42.7,-6.48,0.46,-3.06
66.3,41.9,-5.63,0.46,-3.12
66.5,41.9,-4.78,0.44,-3.16
66.7,41.9,-3.92,1.46,-3.19
66.7,41.9,-3.06,1.46,-3.19
66.7,41.9,-2.19,1.46,-3.19
66.7,41.9,-1.27,1.46,-3.19
66.7,41.9,-0.15,1.46,-3.19
66.7,41.9,0.64,1.46,-3.19
66.7,41.9,1.38,1.46,-3.19
66.7,41.9,2.14,1.46,-3.19
66.7,44.3,2.92,1.46,-3.05
66.7,44.3,3.71,1.46,-3.05
66.7,44.3,3.71,1.46,-3.05
66.7,44.3,4.5,1.46,-3.05
66.7,43.4,5.3,1.46,-3.04
66.9,43.4,6.1,0.2,-3.05
66.9,43.4,6.9,0.2,-3.05
66.9,43.4,7.69,0.2,-3.05
66.9,43.4,8.49,0.2,-3.05
66.9,43.4,9.28,0.2,-3.05
66.9,43.4,10.07,0.2,-3.05
66.9,43.4,10.86,0.2,-3.05
66.9,43.4,11.64,0.2,-3.05
66.7,47.7,12.42,-0.31,-2.75
66.7,47.7,13.19,-0.31,-2.75
66.7,47.7,13.96,-0.31,-2.75
66.7,46.9,14.72,-0.31,-2.66
66.5,46.9,15.47,-0.57,-2.6
66.5,46.9,16.22,-0.57,-2.6
66.5,46.9,16.96,-0.57,-2.6
66.5,46.9,17.7,-0.57,-2.6
66.5,46.9,18.43,-0.57,-2.6
66.5,46.9,19.14,-0.57,-2.6
66.3,46.9,19.86,-0.45,-2.56
66.3,46.9,20.56,-0.45,-2.56
66.3,53.9,21.25,-0.45,-2.09
66.1,53.9,21.94,-0.79,-1.84
66.1,53.9,22.61,-0.79,-1.84
66.1,53.9,23.28,-0.79,-1.84
65.9,52.5,23.93,-0.63,-1.77
65.9,52.5,24.58,-0.63,-1.77
65.9,52.5,25.21,-0.63,-1.77
65.9,52.5,25.83,-0.63,-1.77
65.9,52.5,26.44,-0.63,-1.77
65.9,52.5,27.04,-0.63,-1.77
65.9,52.5,27.62,-0.63,-1.77
65.9,52.5,28.19,-0.63,-0.33
65.7,52.5,28.75,-0.3,0.52
65.7,57.0,29.82,0.0,1.37
65.7,57.0,30.33,0.0,1.45
65.7,57.0,30.83,0.0,1.51
65.7,57.0,31.31,0.0,1.56
65.7,57.0,31.78,0.0,1.6
65.5,57.0,32.23,-0.45,1.67
65.5,57.0,32.66,-0.45,1.7
65.5,57.0,33.07,-0.45,1.72
65.5,57.0,33.47,-0.45,1.75
65.5,56.9,33.85,-0.45,1.76
65.5,56.9,34.2,-0.45,1.77
65.5,56.9,34.54,-0.45,1.79
65.5,59.6,34.86,-0.45,2.14
65.5,59.6,35.16,-0.45,2.17
65.5,59.6,35.44,-0.45,2.19
65.5,59.6,35.7,-0.45,2.2
65.5,59.6,35.94,0.0,2.21
65.5,59.6,36.15,0.0,2.22
65.5,59.6,36.34,0.0,2.22
65.5,59.4,36.52,0.0,2.21
65.5,59.4,36.67,0.0,2.21
65.5,59.4,36.79,0.0,2.22
65.7,62.6,36.9,0.45,2.51
65.7,62.6,36.98,0.45,2.61
65.7,62.6,37.04,0.45,2.62
65.7,62.6,37.08,0.45,2.62
65.7,62.6,37.09,0.45,2.62
65.7,62.6,37.08,0.45,2.62
65.7,62.6,37.05,0.45,2.62
65.9,62.6,36.99,0.32,2.6
65.9,62.6,36.91,0.32,2.59
66.1,62.6,36.81,1.17,2.57
66.3,62.6,36.69,3.16,2.53
66.5,62.6,36.54,2.49,2.5
66.7,62.6,36.38,2.1,2.47
66.9,65.4,36.18,2.16,2.8
66.9,65.4,35.97,2.16,2.79
67.1,65.4,35.74,1.21,2.76
67.1,65.4,35.49,1.21,2.74
67.3,65.4,35.21,1.34,2.71
67.5,65.4,34.91,3.04,2.67
67.5,65.4,34.91,3.04,2.67
67.7,65.4,34.6,2.16,2.62
67.7,65.4,34.26,2.16,2.61
67.7,65.4,33.91,2.16,2.59
67.9,65.3,33.53,0.69,2.53
67.9,65.3,33.14,0.69,2.5
67.9,65.3,32.73,0.69,2.48
67.9,67.1,32.3,0.69,2.65
67.9,67.1,31.85,0.69,2.65
68.1,67.1,31.39,7.05,2.59
68.1,67.1,30.91,7.05,2.54
68.3,67.1,30.41,1.52,2.46
68.3,67.1,29.9,1.52,2.4
68.3,67.1,29.38,1.52,2.31
68.5,67.1,28.84,0.71,2.16
68.5,67.1,28.28,0.71,1.93
68.5,67.1,27.71,0.71,0.74
68.8,67.1,27.13,1.5,0.26
68.8,68.6,26.53,1.5,0.12
68.8,68.6,25.93,1.5,0.12
69.0,68.6,25.31,0.7,0.03
69.0,68.0,24.67,0.7,-0.05
69.0,68.0,24.03,0.7,-0.05
69.2,68.0,23.38,0.85,-0.1
69.2,68.0,22.71,0.85,-0.1
69.2,68.0,22.04,0.85,-0.1
69.2,68.0,21.35,0.85,-0.1
69.2,68.0,20.66,0.85,-0.1
69.2,68.0,19.96,0.85,-0.1
69.2,68.0,19.25,0.85,-0.1
69.2,68.0,18.53,0.85,-0.1
69.4,67.1,17.8,0.31,-0.24
69.4,67.1,17.06,0.31,-0.24
69.6,67.1,16.32,1.11,-0.28
69.6,67.1,15.57,1.11,-0.28
69.6,67.1,15.16,1.11,-0.28
69.6,67.1,14.4,1.11,-0.28
69.8,67.1,13.63,0.59,-0.32
69.8,67.1,12.86,0.59,-0.32
69.8,67.1,12.08,0.59,-0.32
69.8,67.1,11.29,0.59,-0.32
70.0,67.1,10.51,0.64,-0.35
70.0,67.1,9.71,0.64,-0.35
69.6,64.9,8.92,-2.83,-0.55
69.6,64.9,8.12,-2.83,-0.55
69.4,64.9,7.32,-1.41,-0.57
69.4,64.9,6.51,-1.41,-0.57
69.4,64.9,5.71,-1.41,-0.57
69.4,64.9,4.91,-1.41,-0.57
69.4,64.9,4.11,-1.41,-0.57
69.4,64.9,3.31,-1.41,-0.57
69.4,64.9,2.52,-1.41,-0.57
69.4,64.9,1.75,-1.41,-0.57
69.4,64.9,0.99,-1.41,-0.57
69.4,64.9,0.27,-1.41,-0.57
69.3,61.3,-1.76,0.0,-0.8
69.3,61.3,-2.66,0.0,-0.8
69.3,61.3,-3.53,0.0,-0.8
69.3,61.7,-4.39,0.0,-0.89
69.3,61.7,-5.25,0.0,-0.89
69.3,61.7,-6.1,0.0,-0.89
69.3,61.5,-6.95,0.0,-0.95
69.3,61.5,-7.8,0.0,-0.95
69.3,61.5,-8.65,0.0,-0.95
69.3,61.5,-9.5,0.0,-0.95
69.3,61.5,-10.35,0.0,-0.95
69.3,61.5,-11.19,0.0,-0.95
69.3,57.3,-12.04,0.0,-1.25
69.3,57.3,-12.88,0.0,-1.25
69.3,57.3,-13.72,0.0,-1.25
69.3,57.3,-14.56,0.0,-1.25
69.3,57.3,-15.4,0.0,-1.25
69.3,57.3,-16.23,0.0,-1.25
69.3,57.3,-17.06,0.0,-1.25
69.3,57.3,-17.89,0.0,-1.25
69.3,57.3,-18.72,0.0,-1.25
69.3,57.4,-19.54,0.0,-1.4
69.3,57.4,-20.36,0.0,-1.4
69.3,57.4,-21.17,0.0,-1.4
69.3,55.0,-21.98,0.0,-1.63
69.3,55.0,-22.79,0.0,-1.63
69.3,55.0,-23.59,0.0,-1.63
69.3,55.0,-24.39,0.0,-1.63
69.1,55.0,-25.18,-0.09,-1.73
69.1,55.0,-25.96,-0.09,-1.73
69.1,55.0,-26.74,-0.09,-1.73
69.1,55.0,-27.51,-0.09,-1.73
69.1,55.0,-28.28,-0.09,-1.73
69.1,55.0,-29.04,0.0,-1.78
69.1,55.0,-29.79,0.0,-1.78
69.1,55.0,-30.53,0.0,-1.78
69.1,52.9,-31.27,0.0,-1.94
69.1,52.9,-31.99,0.0,-1.94
69.1,52.9,-33.42,0.0,-2.02
69.1,52.9,-34.11,0.0,-2.02
69.3,52.9,-34.8,0.73,-2.08
69.1,52.9,-35.47,-0.45499999999999996,-2.09
68.7,52.9,-36.14,-3.27625,-2.07
68.5,52.9,-36.79,-2.883125,-2.05
68.9,52.9,-37.43,4.3842187500000005,-2.06
69.3,52.9,-38.05,8.5960546875,-2.11
69.3,52.9,-38.66,8.5960546875,-2.11
68.9,51.8,-39.26,0.3490136718750001,-2.2
68.9,51.8,-39.84,0.3490136718750001,-2.2
68.7,51.8,-40.41,-0.4954931640625,-2.2
68.7,51.8,-40.96,-0.4954931640625,-2.2
68.7,51.8,-41.49,-0.4954931640625,-2.2
68.7,51.8,-42.01,-0.4954931640625,-2.2
68.7,51.8,-42.51,-0.4954931640625,-2.2
68.7,51.8,-42.99,-0.4954931640625,-2.2
68.7,51.8,-43.45,-0.4954931640625,-2.2
68.5,52.6,-43.89,-0.42274658203125,-2.13
68.5,52.6,-44.31,-0.42274658203125,-2.13
68.5,52.6,-44.71,-0.42274658203125,-2.13
68.5,50.6,-45.08,-0.42274658203125,-2.23
68.5,50.6,-45.44,-0.42274658203125,-2.23
68.5,50.6,-45.77,-0.42274658203125,-2.23
68.5,50.6,-46.08,-0.42274658203125,-2.23
68.3,50.6,-46.36,-0.391373291015625,-2.27
68.3,50.6,-46.62,-0.391373291015625,-2.27
68.3,50.6,-46.85,-0.391373291015625,-2.27
68.1,50.6,-47.06,-0.5206866455078125,-2.27
68.1,50.6,-47.24,-0.5206866455078125,-2.27
68.1,50.6,-47.4,-0.5206866455078125,-2.27
68.1,52.2,-47.53,-0.5206866455078125,-2.17
68.1,52.2,-47.63,-0.5206866455078125,-2.17
68.1,52.2,-47.71,-0.5206866455078125,-2.17
67.9,49.5,-47.76,-0.48534332275390624,-2.25
67.9,49.5,-47.78,-0.48534332275390624,-2.25
67.9,49.5,-47.78,-0.48534332275390624,-2.25
67.9,49.5,-47.74,-0.48534332275390624,-2.25
67.9,49.5,-47.68,-0.48534332275390624,-2.25
67.7,49.5,-47.6,-0.4776716613769531,-2.31
67.7,49.5,-47.48,-0.4776716613769531,-2.31
67.7,49.5,-47.34,-0.4776716613769531,-2.31
67.7,49.5,-47.17,-0.4776716613769531,-2.31
67.5,51.1,-46.98,-0.5138358306884766,-2.18
67.5,51.1,-46.76,-0.5138358306884766,-2.18
67.5,51.1,-46.52,-0.5138358306884766,-2.18
67.5,48.2,-46.25,-0.5138358306884766,-2.34
67.5,48.2,-45.96,-0.5138358306884766,-2.34
67.5,48.2,-45.64,-0.5138358306884766,-2.34
67.3,48.4,-45.3,-0.48191791534423833,-2.43
67.3,48.4,-44.94,-0.48191791534423833,-2.43
67.1,48.4,-44.55,-0.7359589576721192,-2.43
67.1,48.4,-44.14,-0.7359589576721192,-2.43
67.1,48.4,-43.72,-0.7359589576721192,-2.43
66.9,48.4,-43.27,-0.7379794788360596,-2.42
66.9,47.3,-42.8,-0.7379794788360596,-2.48
66.9,47.3,-42.31,-0.7379794788360596,-2.48
66.7,47.3,-41.81,-0.8889897394180298,-2.5
66.7,47.3,-41.29,-0.8889897394180298,-2.5
66.7,47.3,-40.75,-0.8889897394180298,-2.5
66.5,47.3,-40.19,-0.7544948697090149,-2.5
66.5,47.3,-39.62,-0.7544948697090149,-2.5
66.5,47.3,-39.03,-0.7544948697090149,-2.5
66.5,47.3,-38.43,-0.7544948697090149,-2.5
66.2,47.3,-37.81,-0.9472474348545075,-2.48
66.2,47.3,-37.18,-0.9472474348545075,-2.48
66.2,47.3,-36.54,-0.9472474348545075,-2.48
66.2,47.3,-35.89,-0.9472474348545075,-2.48
66.0,46.4,-35.22,-0.7436237174272537,-2.54
66.0,46.4,-34.54,-0.7436237174272537,-2.54
66.0,46.4,-33.85,-0.7436237174272537,-2.54
66.0,46.4,-33.15,-0.7436237174272537,-2.54
65.8,46.4,-32.44,-0.6418118587136269,-2.53
65.8,46.4,-31.72,-0.6418118587136269,-2.53
65.8,46.4,-31.0,-0.6418118587136269,-2.53
65.8,46.4,-30.26,-0.6418118587136269,-2.53
65.8,46.4,-29.51,-0.6418118587136269,-2.53
65.8,46.4,-28.76,-0.6418118587136269,-2.53
65.8,46.4,-28.0,-0.6418118587136269,-2.53
65.8,46.4,-27.24,-0.6418118587136269,-2.53
66.0,45.7,-26.46,-0.17090592935681345,-2.6
66.0,45.7,-25.68,-0.17090592935681345,-2.6
66.0,45.7,-24.9,-0.17090592935681345,-2.6
66.0,45.7,-24.11,-0.17090592935681345,-2.6
66.2,45.7,-23.31,0.27954703532159325,-2.63
66.2,45.7,-22.51,0.27954703532159325,-2.63
66.2,45.7,-21.71,0.27954703532159325,-2.63
66.5,45.7,-20.9,0.7497735176607966,-2.67
66.5,45.7,-20.08,0.7497735176607966,-2.67
66.7,45.7,-19.26,0.8348867588303983,-2.7
66.7,45.7,-18.44,0.8348867588303983,-2.7
66.7,45.7,-17.62,0.8348867588303983,-2.7
66.7,45.7,-16.79,0.8348867588303983,-2.7
66.9,45.1,-15.96,0.7574433794151991,-2.79
66.9,45.1,-15.13,0.7574433794151991,-2.79
66.9,45.1,-14.29,0.7574433794151991,-2.79
66.9,45.1,-13.46,0.7574433794151991,-2.79
66.9,45.1,-12.62,0.7574433794151991,-2.79
67.1,45.1,-11.78,0.5937216897075995,-2.83
67.1,45.0,-10.94,0.5937216897075995,-2.85
67.1,45.0,-10.1,0.5937216897075995,-2.85
67.1,45.0,-9.25,0.5937216897075995,-2.85
67.1,45.0,-8.41,0.5937216897075995,-2.85
67.1,45.0,-7.56,0.5937216897075995,-2.85
67.5,45.0,-6.71,3.4109304224268997,-2.9
67.5,44.8,-5.86,3.4109304224268997,-2.93
67.5,44.8,-5.01,3.4109304224268997,-2.93
67.5,44.8,-4.16,3.4109304224268997,-2.93
67.5,44.8,-3.3,3.4109304224268997,-2.93
67.5,44.8,-2.43,3.4109304224268997,-2.93
67.5,44.8,-1.53,3.4109304224268997,-2.93
67.5,44.8,-0.52,3.4109304224268997,-2.93
67.5,44.8,0.44,3.4109304224268997,-2.93
67.5,44.8,1.16,3.4109304224268997,-2.93
67.5,46.2,1.92,3.4109304224268997,-2.85
67.5,46.2,2.69,3.4109304224268997,-2.85
67.5,46.2,3.48,3.4109304224268997,-2.85
67.5,46.0,4.27,3.4109304224268997,-2.82
67.5,46.0,5.06,3.4109304224268997,-2.82
67.5,46.0,5.86,3.4109304224268997,-2.82
67.5,46.0,6.66,3.4109304224268997,-2.82
67.5,46.0,7.45,3.4109304224268997,-2.82
67.5,46.0,8.25,3.4109304224268997,-2.82
67.5,46.0,9.04,3.4109304224268997,-2.82
67.3,46.0,9.83,1.6454652112134498,-2.79
67.3,46.0,10.61,1.6454652112134498,-2.79
67.3,46.0,11.39,1.6454652112134498,-2.79
67.3,49.3,12.17,1.6454652112134498,-2.56
67.1,49.3,12.94,0.4577326056067249,-2.44
67.1,49.3,13.7,0.4577326056067249,-2.44
66.9,47.8,14.46,-0.41113369719663756,-2.42
66.9,47.8,15.21,-0.41113369719663756,-2.42
66.9,47.8,15.96,-0.41113369719663756,-2.42
66.7,47.8,16.7,-0.5405668485983188,-2.44
66.7,47.8,17.43,-0.5405668485983188,-2.44
66.7,47.8,18.16,-0.5405668485983188,-2.44
66.7,47.8,18.88,-0.5405668485983188,-2.44
66.5,47.8,19.58,-0.6352834242991594,-2.44
66.5,47.8,20.28,-0.6352834242991594,-2.44
66.5,52.4,20.98,-0.6352834242991594,-2.14
66.5,52.4,21.66,-0.6352834242991594,-2.14
66.3,52.4,22.33,-0.6076417121495796,-1.97
66.3,51.0,22.99,-0.6076417121495796,-1.98
66.3,51.0,23.65,-0.6076417121495796,-1.98
66.1,51.0,24.29,-0.7288208560747897,-1.97
66.1,51.0,24.92,-0.7288208560747897,-1.97
66.1,51.0,25.54,-0.7288208560747897,-1.97
65.9,51.0,26.14,-0.7294104280373949,-1.95
65.9,51.0,26.74,-0.7294104280373949,-1.95
65.9,51.0,27.32,-0.7294104280373949,-1.95
65.9,51.0,27.88,-0.7294104280373949,-1.95
65.9,51.0,28.44,-0.7294104280373949,0.02
65.9,55.4,28.98,-0.7294104280373949,0.94
65.9,55.4,29.5,-0.7294104280373949,1.08
65.9,55.4,30.01,-0.7294104280373949,1.17
65.9,55.4,30.51,-0.7294104280373949,1.24
65.9,55.4,30.99,-0.7294104280373949,1.29
65.7,55.4,31.45,-0.48970521401869743,1.36
65.7,55.4,31.9,-0.48970521401869743,1.41
65.7,55.4,32.32,-0.48970521401869743,1.44
65.7,55.4,32.74,-0.48970521401869743,1.47
65.7,55.2,33.13,-0.48970521401869743,1.47
65.7,55.2,33.5,-0.48970521401869743,1.49
65.7,57.8,34.19,-0.24,1.87
65.7,57.8,34.51,-0.24,1.88
65.7,57.8,34.81,-0.24,1.9
65.7,57.8,35.08,-0.24,1.91
65.7,57.8,35.34,-0.24,1.92
65.7,57.8,35.57,-0.24,1.93
65.7,57.8,35.79,-0.24,1.94
65.7,57.8,35.98,-0.24,1.95
65.7,57.8,36.15,-0.24,1.96
65.7,57.8,36.29,-0.24,1.96
65.7,57.8,36.42,-0.24,1.97
65.7,57.8,36.52,-0.24,1.97
65.7,59.9,36.6,-0.24,2.25
65.7,59.9,36.66,-0.24,2.25
65.7,59.9,36.7,-0.24,2.25
65.7,59.9,36.71,-0.24,2.25
65.7,59.9,36.7,-0.24,2.25
65.7,59.9,36.66,-0.24,2.25
65.7,59.9,36.61,-0.24,2.25
65.7,59.9,36.53,-0.24,2.25
65.7,59.9,36.43,-0.24,2.25
65.7,59.9,36.3,-0.24,2.25
65.7,59.9,36.16,-0.24,2.24
65.7,59.9,35.99,-0.24,2.23
65.7,61.6,35.8,-0.24,2.42
65.7,61.6,35.58,-0.24,2.43
65.7,61.6,35.35,-0.24,2.43
65.7,61.6,35.1,-0.24,2.41
65.7,61.6,34.82,-0.24,2.4
65.7,61.6,34.53,-0.24,2.39
65.7,61.6,34.21,-0.24,2.37
65.7,61.6,33.87,-0.24,2.35
65.9,61.6,33.52,-0.08,2.31
65.9,62.0,33.15,-0.08,2.32
65.9,62.0,32.75,-0.08,2.31
65.9,62.0,32.34,-0.08,2.28
65.9,62.0,31.92,-0.08,2.25
65.9,61.8,31.47,-0.08,2.19
65.9,61.8,31.01,-0.08,2.14
65.9,61.8,30.53,-0.08,2.09
66.1,61.8,30.04,0.1,2.01
66.1,61.8,29.53,0.1,1.93
66.1,61.8,29.0,0.1,1.83
66.1,61.8,28.46,0.1,1.65
66.1,61.8,27.91,0.1,0.32
66.1,61.8,27.34,0.1,0.32
66.1,61.8,26.76,0.1,0.32
66.1,61.8,26.16,0.1,0.32
66.3,61.8,25.56,0.22,-0.13
66.3,61.5,24.94,0.22,-0.38
66.3,61.5,24.31,0.22,-0.38
66.3,61.5,23.67,0.22,-0.38
66.3,61.5,23.02,0.22,-0.38
66.3,61.5,22.35,0.22,-0.38
66.3,61.5,21.68,0.22,-0.38
66.3,61.5,21.0,0.22,-0.38
66.3,61.5,20.3,0.22,-0.38
66.3,61.5,19.6,0.22,-0.38
66.5,61.0,18.89,0.23,-0.62
66.5,61.0,18.17,0.23,-0.62
unknown,unknown,-12.37,0.0,-0.67
unknown,unknown,-13.21,0.0,-0.67
65.6,57.8,-14.89,4.77,-0.93
66.2,57.8,-16.57,5.04,-1.07
66.2,57.8,-17.4,5.04,-1.07
66.4,57.8,-18.23,3.46,-1.09
66.6,57.8,-19.05,2.56,-1.12
66.8,57.8,-19.88,2.16,-1.15
66.8,56.5,-20.7,2.16,-1.24
67.0,56.5,-21.51,1.65,-1.3
67.0,56.5,-22.32,1.65,-1.3
67.0,56.5,-23.13,1.65,-1.3
67.0,55.9,-23.93,1.65,-1.37
67.0,55.9,-24.73,1.65,-1.37
67.2,55.9,-25.52,1.06,-1.42
67.2,55.9,-26.31,1.06,-1.42
67.2,55.9,-27.09,1.06,-1.42
67.2,55.9,-27.86,1.06,-1.42
67.2,55.9,-28.63,1.06,-1.42
67.2,55.9,-29.39,1.06,-1.42
67.4,55.9,-30.14,0.75,-1.46
67.4,55.8,-30.88,0.75,-1.48
67.4,55.8,-31.62,0.75,-1.48
67.4,55.8,-32.35,0.75,-1.48
67.4,55.8,-33.07,0.75,-1.48
67.4,55.8,-33.77,0.75,-1.48
67.4,55.8,-34.47,0.75,-1.48
67.4,55.8,-35.16,0.75,-1.48
67.4,55.8,-35.84,0.75,-1.48
67.4,55.8,-36.5,0.75,-1.48
67.4,55.8,-37.15,0.75,-1.48
67.4,55.8,-37.79,0.75,-1.48
67.4,55.8,-38.42,0.75,-1.48
67.4,55.2,-39.03,0.75,-1.53
67.4,55.2,-39.63,0.75,-1.53
67.4,55.2,-40.22,0.75,-1.53
67.4,55.2,-40.78,0.75,-1.53
67.4,55.2,-41.34,0.75,-1.53
67.4,55.2,-41.87,0.75,-1.53
67.4,55.2,-42.39,0.75,-1.53
67.4,55.2,-42.89,0.75,-1.53
67.2,55.2,-43.37,0.32,-1.54
67.2,55.2,-43.83,0.32,-1.54
67.2,55.1,-44.27,0.32,-1.56
67.2,55.1,-44.69,0.32,-1.56
67.2,55.1,-45.09,0.32,-1.56
67.2,54.4,-45.47,0.32,-1.61
67.2,54.4,-45.83,0.32,-1.61
67.2,54.4,-46.16,0.32,-1.61
67.2,54.4,-46.47,0.32,-1.61
67.2,54.4,-46.75,0.32,-1.61
67.0,54.4,-47.01,0.04,-1.62
67.0,54.4,-47.24,0.04,-1.62
67.0,54.4,-47.45,0.04,-1.62
67.0,54.4,-47.63,0.04,-1.62
67.0,54.4,-47.79,0.04,-1.62
67.0,54.4,-47.92,0.04,-1.62
67.0,54.4,-48.02,0.04,-1.62
67.0,53.8,-48.1,0.04,-1.67
67.0,53.8,-48.14,0.04,-1.67
67.0,53.8,-48.16,0.04,-1.67
66.8,53.8,-48.16,-0.11,-1.68
66.8,53.8,-48.12,-0.11,-1.68
66.8,53.8,-48.06,-0.11,-1.68
66.8,53.8,-47.97,-0.11,-1.68
66.8,53.8,-47.85,-0.11,-1.68
66.8,53.8,-47.71,-0.11,-1.68
66.8,53.5,-47.54,-0.11,-1.7
66.8,53.5,-47.35,-0.11,-1.7
66.6,53.5,-47.12,-0.2,-1.7
66.6,52.6,-46.88,-0.2,-1.76
66.6,52.6,-46.6,-0.2,-1.76
66.6,52.6,-46.31,-0.2,-1.76
66.6,52.6,-45.99,-0.2,-1.76
66.6,52.6,-45.64,-0.2,-1.76
66.6,52.6,-45.28,-0.2,-1.76
66.6,52.6,-44.89,-0.2,-1.76
66.6,52.9,-44.48,-0.2,-1.77
66.4,52.9,-44.05,-0.23,-1.76
66.4,52.9,-43.6,-0.23,-1.76
66.4,51.9,-43.13,-0.23,-1.82
66.4,51.9,-42.64,-0.23,-1.82
66.4,51.9,-42.13,-0.23,-1.82
66.4,51.2,-41.6,-0.23,-1.9
66.4,51.2,-41.06,-0.23,-1.9
66.4,51.2,-40.5,-0.23,-1.9
66.4,51.2,-39.92,-0.23,-1.9
66.4,51.2,-39.33,-0.23,-1.9
66.4,51.2,-38.73,-0.23,-1.9
66.4,51.2,-38.11,-0.23,-1.9
66.2,51.2,-37.47,-0.22,-1.93
66.2,51.2,-36.83,-0.22,-1.93
66.2,50.0,-36.17,-0.22,-2.02
66.2,50.0,-35.5,-0.22,-2.02
66.2,50.0,-34.82,-0.22,-2.02
66.2,49.5,-34.13,-0.22,-2.1
66.2,49.5,-33.43,-0.22,-2.1
66.2,49.5,-32.71,-0.22,-2.1
66.0,49.5,-31.99,-0.27,-2.12
66.0,49.5,-31.26,-0.27,-2.12
66.0,49.5,-30.52,-0.27,-2.12
66.0,49.5,-29.78,-0.27,-2.12
66.0,49.5,-29.02,-0.27,-2.12
66.0,49.5,-28.26,-0.27,-2.12
66.0,49.5,-27.49,-0.27,-2.12
66.0,49.2,-26.72,-0.27,-2.15
65.8,49.2,-25.94,-0.29,-2.15
65.8,49.2,-25.15,-0.29,-2.15
65.8,49.2,-24.36,-0.29,-2.15
65.8,49.2,-23.56,-0.29,-2.15
65.8,49.2,-22.76,-0.29,-2.15
65.8,49.2,-21.95,-0.29,-2.15
65.8,49.2,-21.14,-0.29,-2.15
65.8,49.2,-20.32,-0.29,-2.15
65.8,49.3,-19.5,-0.29,-2.15
65.8,49.3,-18.68,-0.29,-2.15
65.8,49.3,-17.86,-0.29,-2.15
65.8,49.4,-17.03,-0.29,-2.14
65.8,49.4,-16.2,-0.29,-2.14
65.8,49.4,-15.36,-0.29,-2.14
66.0,49.4,-14.53,-0.06,-2.15
66.0,49.4,-13.69,-0.06,-2.15
66.0,49.4,-12.85,-0.06,-2.15
66.0,49.4,-12.01,-0.06,-2.15
66.0,49.4,-11.17,-0.06,-2.15
66.0,49.4,-10.33,-0.06,-2.15
66.0,49.4,-9.48,-0.06,-2.15
66.2,49.4,-8.64,0.14,-2.17
66.2,49.4,-7.79,0.14,-2.17
66.2,48.9,-6.95,0.14,-2.21
66.2,48.9,-6.1,0.14,-2.21
66.2,48.9,-5.25,0.14,-2.21
66.2,48.9,-4.4,0.14,-2.21
66.2,48.9,-3.54,0.14,-2.21
66.2,48.9,-2.68,0.14,-2.21
66.2,48.9,-1.79,0.14,-2.21
66.2,48.9,-0.83,0.14,-2.21
66.4,48.9,0.24,0.19,-2.24
66.4,48.9,0.95,0.19,-2.24
66.4,48.9,1.7,0.19,-2.24
66.4,48.9,2.47,0.19,-2.24
66.4,48.9,3.25,0.19,-2.24
66.4,48.4,4.04,0.19,-2.29
66.4,48.4,4.83,0.19,-2.29
66.4,48.4,5.62,0.19,-2.29
66.4,48.4,6.42,0.19,-2.29
66.4,48.4,7.21,0.19,-2.29
66.4,48.4,8.01,0.19,-2.29
66.4,48.4,8.8,0.19,-2.29
66.6,48.4,9.58,0.2,-2.33
66.6,48.4,10.36,0.2,-2.33
66.6,48.5,11.14,0.2,-2.34
66.6,48.5,11.92,0.2,-2.34
66.6,48.5,12.68,0.2,-2.34
66.6,48.9,13.45,0.2,-2.32
66.6,48.9,14.2,0.2,-2.32
66.6,48.9,14.95,0.2,-2.32
66.6,48.9,15.7,0.2,-2.32
66.6,48.9,16.44,0.2,-2.32
66.6,48.9,17.17,0.2,-2.32
66.6,48.9,17.89,0.2,-2.32
66.8,48.9,18.6,0.2,-2.32
66.8,48.9,19.31,0.2,-2.32
66.8,50.4,20.01,0.2,-2.23
66.8,50.4,20.7,0.2,-2.23
66.8,50.4,21.38,0.2,-2.23
66.8,50.4,22.05,0.2,-2.23
66.8,50.8,22.71,0.2,-2.16
66.8,50.8,23.36,0.2,-2.16
66.8,50.8,24.0,0.2,-2.16
66.8,50.8,24.62,0.2,-2.16
67.0,50.8,25.24,0.21,-2.13
67.0,50.8,25.84,0.21,-2.13
67.0,50.8,26.43,0.21,-2.13
67.0,50.8,27.01,0.21,-2.13
67.0,50.8,27.58,0.21,-2.13
67.0,52.6,28.13,0.21,-0.59
67.0,52.6,28.66,0.21,0.31
66.8,52.6,29.19,-0.08,0.53
66.8,53.1,29.69,-0.08,0.7
66.8,53.1,30.19,-0.08,0.78
66.8,53.1,30.66,-0.08,0.84
66.8,53.1,31.12,-0.08,0.89
66.8,53.1,31.56,-0.08,0.94
66.8,53.1,31.99,-0.08,0.97
66.8,53.1,32.4,-0.08,1.0
66.8,53.1,32.79,-0.08,1.03
66.8,53.1,33.16,-0.08,1.05
66.8,55.0,33.51,-0.08,1.29
66.8,55.0,33.84,-0.08,1.34
66.6,55.0,34.16,-0.14,1.38
66.6,54.8,34.45,-0.14,1.38
66.6,54.8,34.73,-0.14,1.39
66.6,54.8,34.98,-0.14,1.4
66.6,54.8,35.21,-0.14,1.41
66.6,54.8,35.42,-0.14,1.42
66.6,54.8,35.61,-0.14,1.43
66.6,54.8,35.78,-0.14,1.43
66.6,54.7,35.92,-0.14,1.43
66.6,54.7,36.05,-0.14,1.43
66.6,54.7,36.15,-0.14,1.44
66.6,57.0,36.23,-0.14,1.74
66.6,57.0,36.28,-0.14,1.74
66.6,57.0,36.32,-0.14,1.74
66.6,57.0,36.33,-0.14,1.74
66.6,57.0,36.31,-0.14,1.74
66.6,57.0,36.28,-0.14,1.74
66.6,57.0,36.22,-0.14,1.74
66.6,57.0,36.14,-0.14,1.74
66.6,57.0,36.04,-0.14,1.74
66.6,57.0,35.92,-0.14,1.74
66.6,57.0,35.77,-0.14,1.73
66.6,57.0,35.6,-0.14,1.72
66.6,58.5,35.41,-0.14,1.89
66.6,58.5,35.2,-0.14,1.9
66.6,58.5,34.96,-0.14,1.89
66.6,58.5,34.71,-0.14,1.88
66.6,58.5,34.43,-0.14,1.86
66.6,58.5,34.14,-0.14,1.85
66.6,58.5,33.82,-0.14,1.83
66.6,58.5,33.49,-0.14,1.81
66.6,58.5,33.14,-0.14,1.79
66.6,58.5,32.76,-0.14,1.76
66.8,58.5,32.37,-0.04,1.71
66.8,58.5,31.96,-0.04,1.68
66.8,58.7,31.54,-0.04,1.66
66.8,58.7,31.09,-0.04,1.63
66.8,58.7,30.63,-0.04,1.58
66.8,58.7,30.15,-0.04,1.53
66.8,58.7,29.66,-0.04,1.46
66.8,58.7,29.15,-0.04,1.37
66.8,58.7,28.63,-0.04,1.22
66.8,58.7,28.09,-0.04,0.87
66.8,58.7,27.54,-0.04,-0.09
66.8,58.7,26.97,-0.04,-0.09
66.8,58.7,26.39,-0.04,-0.09
66.8,58.7,25.8,-0.04,-0.09
66.8,58.7,25.19,-0.04,-0.09
66.8,56.7,24.58,-0.04,-0.7
66.8,56.7,23.95,-0.04,-0.7
66.8,56.7,23.31,-0.04,-0.7
66.8,56.7,22.66,-0.04,-0.7
66.8,56.7,21.99,-0.04,-0.7
66.8,56.7,21.32,-0.04,-0.7
66.8,56.7,20.64,-0.04,-0.7
66.8,56.7,19.95,-0.04,-0.7
66.8,56.7,19.25,-0.04,-0.7
66.8,56.7,18.54,-0.04,-0.7
66.8,56.7,17.83,-0.04,-0.7
66.8,56.7,17.1,-0.04,-0.7
66.8,56.0,16.37,-0.04,-1.05
66.8,56.0,15.63,-0.04,-1.05
66.8,56.0,14.88,-0.04,-1.05
66.6,56.0,14.47,-0.06,-1.21
66.6,56.0,13.71,-0.06,-1.21
66.6,56.0,12.95,-0.06,-1.21
66.6,56.0,12.17,-0.06,-1.21
66.6,56.0,11.4,-0.06,-1.21
66.6,56.0,10.62,-0.06,-1.21
66.6,54.4,9.83,-0.06,-1.4
66.6,54.4,9.04,-0.06,-1.4
66.6,54.4,8.25,-0.06,-1.4
66.4,54.4,7.45,-0.15,-1.48
66.4,54.2,6.65,-0.15,-1.53
66.4,54.2,5.85,-0.15,-1.53
66.4,54.2,5.05,-0.15,-1.53
66.4,54.2,4.26,-0.15,-1.53
66.4,54.2,3.46,-0.15,-1.53
66.4,54.2,2.68,-0.15,-1.53
66.4,54.2,1.9,-0.15,-1.53
66.4,54.2,1.14,-0.15,-1.53
66.4,54.2,0.41,-0.15,-1.53
66.4,53.1,-0.55,-0.15,-1.63
66.2,53.1,-1.57,-0.18,-1.67
66.2,53.1,-2.47,-0.18,-1.67
66.2,53.1,-3.34,-0.18,-1.67
66.2,53.1,-4.2,-0.18,-1.67
66.2,53.1,-5.06,-0.18,-1.67
66.2,53.1,-5.91,-0.18,-1.67
66.0,53.1,-6.76,-0.29,-1.67
66.0,53.1,-7.62,-0.29,-1.67
66.0,53.2,-8.47,-0.29,-1.67
66.0,53.2,-9.31,-0.29,-1.67
65.8,53.2,-10.16,-0.47,-1.65
65.8,51.6,-11.01,-0.47,-1.75
65.8,51.6,-11.86,-0.47,-1.75
65.8,51.6,-12.7,-0.47,-1.75
65.8,51.6,-13.54,-0.47,-1.75
65.8,51.6,-14.38,-0.47,-1.75
65.8,51.6,-15.22,-0.47,-1.75
65.8,51.6,-16.06,-0.47,-1.75
65.8,51.6,-16.9,-0.47,-1.75
65.8,51.6,-17.73,-0.47,-1.75
65.8,51.6,-18.56,-0.47,-1.75
65.8,51.6,-19.39,-0.47,-1.75
65.8,51.6,-20.21,-0.47,-1.75
66.0,51.6,-21.03,-0.14,-1.81
66.0,50.5,-21.85,-0.14,-1.91
66.0,50.5,-22.66,-0.14,-1.91
66.0,50.5,-23.47,-0.14,-1.91
66.2,50.5,-24.27,0.25,-1.98
66.2,50.5,-25.07,0.25,-1.98
66.2,50.5,-25.86,0.25,-1.98
66.2,50.5,-26.65,0.25,-1.98
66.2,50.5,-27.43,0.25,-1.98
66.2,50.5,-28.2,0.25,-1.98
66.2,50.3,-28.97,0.25,-2.02
66.4,50.3,-29.73,0.3,-2.06
66.4,50.3,-30.49,0.3,-2.06
66.4,49.8,-31.23,0.3,-2.11
66.4,49.8,-31.97,0.3,-2.11
66.4,49.8,-32.7,0.3,-2.11
66.4,49.8,-33.42,0.3,-2.11
66.4,49.8,-34.13,0.3,-2.11
66.4,49.8,-34.83,0.3,-2.11
66.4,49.8,-35.52,0.3,-2.11
66.4,49.8,-36.2,0.3,-2.11
66.4,49.8,-36.86,0.3,-2.11
66.4,49.8,-37.52,0.3,-2.11
66.4,49.8,-38.16,0.3,-2.11
66.4,49.8,-38.79,0.3,-2.11
66.2,49.4,-39.4,0.06,-2.15
66.2,49.4,-40.0,0.06,-2.15
66.2,49.4,-40.59,0.06,-2.15
66.2,49.4,-41.16,0.06,-2.15
66.2,49.4,-41.71,0.06,-2.15
66.0,49.4,-42.25,-0.25,-2.15
66.0,49.4,-42.77,-0.25,-2.15
65.8,49.4,-43.27,-0.65,-2.14
65.8,49.4,-43.75,-0.65,-2.14
65.8,49.4,-44.21,-0.65,-2.14
65.6,49.3,-44.65,-0.7,-2.13
65.6,49.3,-45.08,-0.7,-2.13
65.6,49.3,-45.48,-0.7,-2.13
65.6,49.0,-45.86,-0.7,-2.14
65.6,49.0,-46.21,-0.7,-2.14
65.6,49.0,-46.54,-0.7,-2.14
65.6,49.0,-46.85,-0.7,-2.14
65.6,49.0,-47.14,-0.7,-2.14
65.6,49.0,-47.4,-0.7,-2.14
65.6,49.0,-47.63,-0.7,-2.14
65.6,49.0,-47.84,-0.7,-2.14
65.6,49.0,-48.02,-0.7,-2.14
65.6,49.0,-48.18,-0.7,-2.14
65.6,49.0,-48.3,-0.7,-2.14
65.4,49.0,-48.41,-0.43,-2.14
65.4,48.6,-48.48,-0.43,-2.16
65.4,48.6,-48.53,-0.43,-2.16
65.4,48.6,-48.54,-0.43,-2.16
65.4,48.6,-48.54,-0.43,-2.16
65.4,48.6,-48.5,-0.43,-2.16
65.4,48.6,-48.44,-0.43,-2.16
65.4,48.6,-48.34,-0.43,-2.16
65.4,48.6,-48.23,-0.43,-2.16
65.4,48.6,-48.08,-0.43,-2.16
65.4,48.6,-47.91,-0.43,-2.16
65.4,48.5,-47.71,-0.43,-2.18
65.4,48.5,-47.48,-0.43,-2.18
65.4,48.5,-47.23,-0.43,-2.18
65.4,48.1,-46.96,-0.43,-2.21
65.2,48.1,-46.66,-0.29,-2.22
65.2,48.1,-46.34,-0.29,-2.22
65.2,48.1,-45.99,-0.29,-2.22
65.2,48.1,-45.62,-0.29,-2.22
65.2,48.1,-45.23,-0.29,-2.22
65.2,48.0,-44.81,-0.29,-2.23
65.2,48.0,-44.38,-0.29,-2.23
65.2,48.0,-43.92,-0.29,-2.23
65.2,48.1,-43.45,-0.29,-2.23
65.2,48.1,-42.96,-0.29,-2.23
65.2,48.1,-42.44,-0.29,-2.23
65.2,47.7,-41.91,-0.29,-2.25
65.2,47.7,-41.37,-0.29,-2.25
65.2,47.7,-40.8,-0.29,-2.25
65.2,47.7,-40.23,-0.29,-2.25
65.2,47.7,-39.63,-0.29,-2.25
65.2,47.7,-39.02,-0.29,-2.25
65.2,47.7,-38.4,-0.29,-2.25
65.2,47.7,-37.76,-0.29,-2.25
65.2,47.7,-37.12,-0.29,-2.25
65.2,47.4,-36.45,-0.29,-2.28
65.2,47.4,-35.78,-0.29,-2.28
65.2,47.4,-35.1,-0.29,-2.28
65.2,47.4,-34.4,-0.29,-2.28
65.2,47.4,-33.7,-0.29,-2.28
65.2,47.4,-32.98,-0.29,-2.28
65.2,47.4,-32.26,-0.29,-2.28
65.2,47.4,-31.53,-0.29,-2.28
65.2,47.4,-30.79,-0.29,-2.28
65.2,47.4,-30.04,-0.29,-2.28
65.2,47.4,-29.28,-0.29,-2.28
65.2,47.4,-28.52,-0.29,-2.28
65.2,47.4,-27.75,-0.29,-2.28
65.2,47.1,-26.97,-0.29,-2.32
65.2,47.1,-26.19,-0.29,-2.32
65.2,47.1,-25.4,-0.29,-2.32
65.2,47.1,-24.6,-0.29,-2.32
65.2,47.1,-23.8,-0.29,-2.32
65.2,47.1,-23.0,-0.29,-2.32
65.2,47.1,-22.19,-0.29,-2.32
65.2,47.1,-21.38,-0.29,-2.32
65.2,47.1,-20.56,-0.29,-2.32
65.2,47.0,-19.74,-0.29,-2.34
65.2,47.0,-18.92,-0.29,-2.34
65.4,47.0,-18.09,-0.12,-2.37
65.4,46.6,-17.27,-0.12,-2.41
65.4,46.6,-16.43,-0.12,-2.41
65.4,46.6,-15.6,-0.12,-2.41
65.4,46.6,-14.76,-0.12,-2.41
65.6,46.6,-13.93,0.22,-2.44
65.6,46.6,-13.09,0.22,-2.44
65.6,47.0,-12.25,0.22,-2.43
65.6,47.0,-11.4,0.22,-2.43
65.8,47.0,-10.56,0.38,-2.44
65.8,47.0,-9.72,0.38,-2.44
65.8,47.0,-8.87,0.38,-2.44
66.0,47.0,-8.03,0.61,-2.46
66.0,47.0,-7.18,0.61,-2.46
66.0,46.3,-6.33,0.61,-2.51
66.0,46.3,-5.48,0.61,-2.51
66.0,46.3,-4.63,0.61,-2.51
66.0,46.3,-3.78,0.61,-2.51
66.2,46.3,-2.92,0.51,-2.55
66.2,46.3,-2.04,0.51,-2.55
66.2,46.3,-1.11,0.51,-2.55
66.2,46.3,0.04,0.51,-2.55
66.2,46.3,0.75,0.51,-2.55
66.2,46.3,1.49,0.51,-2.55
66.4,46.3,2.25,0.45,-2.58
66.4,46.3,3.02,0.45,-2.58
66.4,46.3,3.81,0.45,-2.58
66.4,46.3,4.6,0.45,-2.58
66.4,46.3,5.39,0.45,-2.58
66.4,46.3,6.18,0.45,-2.58
66.4,46.3,6.97,0.45,-2.58
66.4,46.3,7.76,0.45,-2.58
66.4,46.3,8.55,0.45,-2.58
66.4,46.3,9.34,0.45,-2.58
66.4,46.3,10.12,0.45,-2.58
66.4,46.7,10.89,0.45,-2.57
66.4,46.7,11.66,0.45,-2.57
66.4,46.7,12.43,0.45,-2.57
66.4,47.6,13.19,0.45,-2.51
66.4,47.6,13.95,0.45,-2.51
66.4,47.6,14.69,0.45,-2.51
66.4,47.6,15.44,0.45,-2.51
66.4,47.6,16.17,0.45,-2.51
66.4,47.6,16.9,0.45,-2.51
66.4,47.6,17.62,0.45,-2.51
66.4,47.6,18.33,0.45,-2.51
66.4,47.6,19.04,0.45,-2.51
66.4,47.6,19.73,0.45,-2.51
66.4,49.6,20.42,0.45,-2.35
66.4,49.6,21.1,0.45,-2.35
66.4,49.6,21.76,0.45,-2.35
66.4,49.9,22.42,0.45,-2.25
66.4,49.9,23.07,0.45,-2.25
66.4,49.9,23.7,0.45,-2.25
66.4,49.9,24.33,0.45,-2.25
66.4,49.9,24.94,0.45,-2.25
66.4,49.9,25.54,0.45,-2.25
66.4,49.8,26.13,0.45,-2.2
66.4,49.8,26.71,0.45,-2.2
66.4,49.8,27.27,0.45,-2.2
66.4,51.7,27.82,0.45,-2.06
66.4,51.7,28.35,0.45,-0.03
66.4,51.7,28.87,0.45,0.37
66.4,51.9,29.37,0.45,0.54
66.4,51.9,29.86,0.45,0.63
66.4,51.9,30.34,0.45,0.7
66.4,51.9,30.79,0.45,0.75
66.4,51.9,31.23,0.45,0.8
66.4,51.9,31.66,0.45,0.84
66.4,51.9,32.06,0.45,0.87
66.4,51.9,32.45,0.45,0.9
66.4,51.9,32.82,0.45,0.93
66.4,53.6,33.17,0.45,1.12
66.4,53.6,33.5,0.45,1.19
66.4,53.6,33.81,0.45,1.21
66.4,53.6,34.1,0.45,1.22
66.4,53.9,34.37,0.45,1.28
66.4,53.9,34.62,0.45,1.29
66.4,53.9,34.85,0.45,1.3
66.4,53.9,35.06,0.45,1.31
66.4,53.9,35.25,0.45,1.32
66.4,53.9,35.41,0.45,1.33
66.4,53.9,35.55,0.45,1.33
66.4,53.9,35.68,0.45,1.34
66.4,53.9,35.77,0.45,1.34
66.4,55.9,35.85,0.45,1.6
66.4,55.9,35.91,0.45,1.61
66.4,55.9,35.94,0.45,1.61
66.6,55.9,35.95,0.24,1.6
66.6,55.9,35.93,0.24,1.59
66.6,55.9,35.9,0.24,1.59
66.6,55.9,35.84,0.24,1.59
66.6,55.9,35.76,0.24,1.59
66.6,55.9,35.66,0.24,1.58
66.6,55.9,35.53,0.24,1.58
66.6,55.9,35.38,0.24,1.57
66.6,55.9,35.21,0.24,1.56
66.6,57.5,35.02,0.24,1.73
66.6,57.5,34.81,0.24,1.75
66.6,57.5,34.58,0.24,1.74
66.6,57.5,34.32,0.24,1.73
66.6,57.5,34.05,0.24,1.71
66.6,57.5,33.76,0.24,1.7
66.6,57.5,33.44,0.24,1.68
66.6,57.5,33.11,0.24,1.66
66.6,57.5,32.75,0.24,1.63
66.8,57.5,32.38,0.19,1.58
66.8,57.4,31.99,0.19,1.54
66.8,57.4,31.58,0.19,1.51
66.8,57.4,31.16,0.19,1.47
66.8,58.2,30.71,0.19,1.53
66.8,58.2,30.25,0.19,1.48
66.8,58.2,29.78,0.19,1.42
66.8,58.2,29.28,0.19,1.32
66.8,58.2,28.78,0.19,1.2
67.0,58.2,28.26,0.24,0.95
67.0,58.2,27.72,0.24,-0.23
67.0,58.2,27.17,0.24,-0.23
67.0,58.2,26.6,0.24,-0.23
67.2,58.2,26.02,0.39,-0.7
67.2,58.2,25.43,0.39,-0.7
67.2,58.2,24.83,0.39,-0.7
67.4,58.9,24.21,0.62,-1.03
67.4,58.9,23.59,0.62,-1.03
67.4,58.9,22.95,0.62,-1.03
67.4,58.9,22.3,0.62,-1.03
67.4,58.9,21.64,0.62,-1.03
67.4,58.9,20.97,0.62,-1.03
67.4,58.9,20.29,0.62,-1.03
67.4,58.9,18.9,0.31,-1.07
67.4,58.9,18.19,0.31,-1.07
67.4,58.9,17.48,0.31,-1.07
67.4,58.4,16.75,0.31,-1.12
67.4,58.4,16.02,0.31,-1.12
67.4,58.4,15.29,0.31,-1.12
67.4,58.4,14.54,0.31,-1.12
67.4,58.4,14.13,0.31,-1.12
67.4,58.4,13.37,0.31,-1.12
67.4,58.4,12.61,0.31,-1.12
67.4,58.4,11.84,0.31,-1.12
67.4,58.4,11.06,0.31,-1.12
67.4,58.3,10.28,0.31,-1.15
67.2,58.3,9.5,0.06,-1.15
67.2,58.3,8.71,0.06,-1.15
67.2,56.5,7.92,0.06,-1.27
67.2,56.5,7.12,0.06,-1.27
67.2,56.5,6.33,0.06,-1.27
67.2,56.5,5.53,0.06,-1.27
67.2,56.5,4.73,0.06,-1.27
67.2,56.5,3.94,0.06,-1.27
67.2,56.5,3.15,0.06,-1.27
67.0,56.5,2.37,-0.1,-1.32
67.0,56.5,1.6,-0.1,-1.32
67.0,56.5,0.85,-0.1,-1.32
67.0,56.4,0.14,-0.1,-1.35
67.0,56.4,-0.98,-0.1,-1.35
66.8,56.4,-1.92,-0.27,-1.35
66.8,53.3,-2.81,-0.27,-1.55
66.8,53.3,-3.68,-0.27,-1.55
66.8,53.3,-4.53,-0.27,-1.55
66.8,53.8,-5.39,-0.27,-1.62
66.8,53.8,-6.24,-0.27,-1.62
66.8,53.8,-7.09,-0.27,-1.62
66.6,53.7,-7.94,-0.32,-1.67
66.6,53.7,-8.79,-0.32,-1.67
66.6,53.7,-9.64,-0.32,-1.67
66.6,53.7,-10.49,-0.32,-1.67
66.6,53.7,-11.34,-0.32,-1.67
66.6,53.7,-12.18,-0.32,-1.67
66.6,50.2,-13.03,-0.32,-1.9
66.6,50.2,-13.87,-0.32,-1.9
66.6,50.2,-14.71,-0.32,-1.9
66.6,50.2,-15.55,-0.32,-1.9
66.6,50.2,-16.39,-0.32,-1.9
66.6,50.2,-17.23,-0.32,-1.9
66.6,50.2,-18.06,-0.32,-1.9
66.8,50.2,-18.89,-0.07,-2.03
66.8,50.2,-19.72,-0.07,-2.03
66.8,49,-20.54,-0.07,-2.17
66.8,49,-21.36,-0.07,-2.17
66.8,49,-22.18,-0.07,-2.17
66.8,49,-22.99,-0.07,-2.17
66.8,48.5,-23.8,-0.07,-2.27
66.8,48.5,-24.61,-0.07,-2.27
66.8,48.5,-25.41,-0.07,-2.27
66.8,48.5,-26.2,-0.07,-2.27
66.8,48.5,-26.99,-0.07,-2.27
66.8,48.5,-27.77,-0.07,-2.27
66.8,48.5,-28.55,-0.07,-2.27
66.8,48.5,-29.32,-0.07,-2.27
66.8,48.5,-30.08,-0.07,-2.27
66.8,47.6,-30.83,-0.07,-2.38
66.8,47.6,-31.58,-0.07,-2.38
66.8,47.6,-32.32,-0.07,-2.38
66.8,47.3,-33.05,-0.07,-2.46
66.8,47.3,-33.77,-0.07,-2.46
66.8,47.3,-34.48,-0.07,-2.46
66.8,47.3,-35.18,-0.07,-2.46
66.8,47.3,-35.87,-0.07,-2.46
66.8,47.3,-36.55,-0.07,-2.46
66.8,47.3,-37.22,-0.07,-2.46
66.8,47.3,-37.88,-0.07,-2.46
66.8,47.3,-38.52,-0.07,-2.46
66.8,46.4,-39.15,-0.07,-2.56
66.8,46.4,-39.77,-0.07,-2.56
66.8,46.4,-40.37,-0.07,-2.56
66.8,46.1,-40.96,-0.07,-2.63
66.6,46.1,-41.53,-0.08,-2.65
66.6,46.1,-42.08,-0.08,-2.65
66.4,46.1,-42.62,-0.55,-2.64
66.4,46.1,-43.14,-0.55,-2.64
66.4,46.1,-43.64,-0.55,-2.64
66.4,46.1,-44.13,-0.55,-2.64
66.4,46.1,-44.59,-0.55,-2.64
66.4,46.1,-45.04,-0.55,-2.64
66.2,46.1,-45.46,-0.48,-2.63
66.2,45.0,-45.86,-0.48,-2.69
66.2,45.0,-46.24,-0.48,-2.69
66.0,45.0,-46.6,-0.67,-2.71
66.0,45.0,-46.93,-0.67,-2.71
65.8,45.0,-47.24,-0.78,-2.71
65.8,45.0,-47.52,-0.78,-2.71
65.8,45.1,-47.78,-0.78,-2.7
65.8,45.1,-48.02,-0.78,-2.7
65.8,45.1,-48.22,-0.78,-2.7
65.8,45.1,-48.41,-0.78,-2.7
65.8,45.1,-48.56,-0.78,-2.7
65.8,45.1,-48.69,-0.78,-2.7
65.6,44.2,-48.79,-0.54,-2.77
65.6,44.2,-48.86,-0.54,-2.77
65.6,44.2,-48.91,-0.54,-2.77
65.6,44.2,-48.92,-0.54,-2.77
65.6,44.2,-48.91,-0.54,-2.77
65.6,44.2,-48.88,-0.54,-2.77
65.6,44.2,-48.81,-0.54,-2.77
65.6,44.2,-48.72,-0.54,-2.77
65.4,44.2,-48.6,-0.43,-2.76
65.4,44.2,-48.45,-0.43,-2.76
65.4,44.2,-48.27,-0.43,-2.76
65.4,44.2,-48.07,-0.43,-2.76
65.2,43.6,-47.84,-0.54,-2.78
65.2,43.6,-47.59,-0.54,-2.78
65.2,43.6,-47.31,-0.54,-2.78
65.2,43.6,-47.01,-0.54,-2.78
65.2,43.6,-46.68,-0.54,-2.78
65.2,43.6,-46.33,-0.54,-2.78
65.2,43.6,-45.96,-0.54,-2.78
65.2,43.6,-45.56,-0.54,-2.78
65.2,43.6,-45.15,-0.54,-2.78
65.2,43.6,-44.71,-0.54,-2.78
65.2,43.9,-44.25,-0.54,-2.77
65.2,43.9,-43.77,-0.54,-2.77
65.2,43.9,-43.27,-0.54,-2.77
65.2,43.2,-42.76,-0.54,-2.82
65.2,43.2,-42.23,-0.54,-2.82
65.2,43.2,-41.68,-0.54,-2.82
65.2,43.2,-41.11,-0.54,-2.82
65.2,43.2,-40.53,-0.54,-2.82
65.2,43.2,-39.93,-0.54,-2.82
65.2,43.2,-39.32,-0.54,-2.82
65.2,43.2,-38.69,-0.54,-2.82
65.2,43.2,-38.05,-0.54,-2.82
65.0,43.2,-37.4,-0.33,-2.83
65.0,43.2,-36.74,-0.33,-2.83
65.0,43.2,-36.06,-0.33,-2.83
65.0,42.5,-35.37,-0.33,-2.88
65.0,42.5,-34.68,-0.33,-2.88
65.0,42.5,-33.97,-0.33,-2.88
65.0,42.5,-33.25,-0.33,-2.88
65.0,42.5,-32.53,-0.33,-2.88
65.0,42.5,-31.79,-0.33,-2.88
65.0,42.5,-31.05,-0.33,-2.88
65.0,42.5,-30.3,-0.33,-2.88
65.0,42.5,-29.54,-0.33,-2.88
65.0,42.5,-28.77,-0.33,-2.88
65.2,42.8,-28.0,-0.07,-2.9
65.2,42.8,-27.22,-0.07,-2.9
65.2,42.8,-26.44,-0.07,-2.9
65.2,41.6,-25.65,-0.07,-2.98
65.2,41.6,-24.85,-0.07,-2.98
65.4,41.6,-24.05,0.21,-3.04
65.4,41.6,-23.24,0.21,-3.04
65.4,41.6,-22.43,0.21,-3.04
65.4,41.6,-21.62,0.21,-3.04
65.4,41.6,-20.8,0.21,-3.04
65.4,41.6,-19.98,0.21,-3.04
65.4,41.6,-19.16,0.21,-3.04
65.4,41.5,-18.33,0.21,-3.07
65.4,41.5,-17.5,0.21,-3.07
65.4,41.5,-16.67,0.21,-3.07
65.4,40.5,-15.84,0.21,-3.15
65.4,40.5,-15.0,0.21,-3.15
65.4,40.5,-14.16,0.21,-3.15
65.4,40.5,-13.32,0.21,-3.15
65.4,40.5,-12.48,0.21,-3.15
65.6,40.5,-11.64,0.18,-3.21
65.6,40.5,-10.79,0.18,-3.21
65.6,40.5,-9.95,0.18,-3.21
65.6,40.5,-9.11,0.18,-3.21
65.6,40.5,-8.26,0.18,-3.21
65.6,40.5,-7.41,0.18,-3.21
66.0,40.5,-6.57,1.85,-3.28
66.0,40.2,-5.72,1.85,-3.32
66.0,40.2,-4.87,1.85,-3.32
66.0,40.2,-4.02,1.85,-3.32
66.0,40.2,-3.16,1.85,-3.32
66.0,40.2,-2.29,1.85,-3.32
65.8,40.2,-1.38,0.72,-3.32
65.8,40.2,-0.33,0.72,-3.32
65.8,40.2,0.54,0.72,-3.32
65.8,40.2,1.27,0.72,-3.32
65.8,40.2,2.02,0.72,-3.32
65.8,41.5,2.8,0.72,-3.24
65.6,41.5,3.58,0.17,-3.19
65.6,41.5,4.36,0.17,-3.19
65.6,41.5,5.15,0.17,-3.19
65.6,41.5,5.94,0.17,-3.19
65.6,41.5,6.73,0.17,-3.19
65.6,41.5,7.52,0.17,-3.19
65.4,41.5,8.31,-0.13,-3.15
65.4,41.5,9.09,-0.13,-3.15
65.2,41.5,9.87,-0.6,-3.12
65.2,41.5,10.64,-0.6,-3.12
65.0,41.5,11.41,-0.92,-3.09
65.0,43.5,12.18,-0.92,-2.94
64.8,43.5,12.93,-1.07,-2.85
64.8,43.5,13.69,-1.07,-2.85
64.8,43.5,14.43,-1.07,-2.85
64.8,43.5,15.17,-1.07,-2.85
64.8,43.5,15.91,-1.07,-2.85
64.8,43.5,16.63,-1.07,-2.85
64.8,43.5,17.35,-1.07,-2.85
64.8,43.5,18.06,-1.07,-2.85
64.8,43.5,18.76,-1.07,-2.85
64.6,43.5,19.46,-0.67,-2.8
64.6,43.5,20.14,-0.67,-2.8
64.6,47.6,20.82,-0.67,-2.5
64.6,47.6,21.48,-0.67,-2.5
64.6,47.6,22.14,-0.67,-2.5
64.4,47.6,22.78,-0.58,-2.34
64.4,47.6,23.41,-0.58,-2.34
64.4,47.6,24.04,-0.58,-2.34
64.4,47.6,24.65,-0.58,-2.34
64.4,47.6,25.24,-0.58,-2.34
64.4,47.6,25.83,-0.58,-2.34
64.2,47.6,26.4,-0.51,-2.25
64.2,47.6,26.96,-0.51,-2.25
64.2,47.6,27.51,-0.51,-2.25
64.2,47.6,28.04,-0.51,-1.38
64.2,50.9,28.55,-0.51,0.39
64.0,50.9,29.05,-0.49,0.64
64.0,50.9,29.54,-0.49,0.75
64.0,50.9,30.01,-0.49,0.83
64.0,50.9,30.46,-0.49,0.89
64.0,50.9,30.9,-0.49,0.94
64.0,50.9,31.32,-0.49,0.99
64.0,50.9,31.72,-0.49,1.03
64.0,50.9,32.11,-0.49,1.06
64.0,50.9,32.47,-0.49,1.09
64.0,50.9,32.82,-0.49,1.11
64.0,50.9,33.15,-0.49,1.13
64.0,53.8,33.46,-0.49,1.48
64.0,53.8,33.75,-0.49,1.54
64.0,53.8,34.01,-0.49,1.56
64.0,53.9,34.26,-0.49,1.58
64.0,53.9,34.49,-0.49,1.59
64.0,53.9,34.7,-0.49,1.61
64.0,53.7,34.88,-0.49,1.6
64.0,53.7,35.04,-0.49,1.6
64.0,53.7,35.19,-0.49,1.6
64.0,53.7,35.3,-0.49,1.61
64.0,57.3,35.4,-0.49,2.08
64.2,57.3,35.48,-0.19,2.07
64.2,57.3,35.53,-0.19,2.07
64.2,57.4,35.56,-0.19,2.07
64.2,57.4,35.57,-0.19,2.07
64.2,57.4,35.55,-0.19,2.07
64.2,57.4,35.52,-0.19,2.07
64.2,57.4,35.46,-0.19,2.07
64.2,57.4,35.38,-0.19,2.07
64.2,57.4,35.27,-0.19,2.07
64.2,57.4,35.15,-0.19,2.07
64.2,57.4,35.0,-0.19,2.06
64.2,60.4,34.83,-0.19,2.41
64.4,60.4,34.64,0.01,2.41
64.4,60.4,34.43,0.01,2.39
64.4,60.3,34.19,0.01,2.37
64.6,60.3,33.94,0.34,2.33
64.6,60.3,33.67,0.34,2.31
64.6,60.3,33.37,0.34,2.3
64.6,60.3,33.06,0.34,2.28
64.6,60.3,32.72,0.34,2.26
64.6,60.3,32.37,0.34,2.23
64.8,60.3,32.0,0.38,2.18
64.8,60.3,31.61,0.38,2.15
64.8,62.0,31.2,0.38,2.28
65.0,62.0,30.78,0.54,2.27
65.0,62.0,30.34,0.54,2.22
65.0,61.7,29.88,0.54,2.12
65.2,61.7,29.4,0.7,2.01
65.2,61.7,28.91,0.7,1.91
65.2,61.7,28.41,0.7,1.72
65.2,61.7,27.89,0.7,0.51
65.4,61.7,27.35,0.68,0.01
65.4,61.7,26.8,0.68,0.01
65.4,61.7,26.24,0.68,0.01
65.6,61.7,25.66,0.75,-0.25
65.6,61.7,25.07,0.75,-0.25
65.6,62.2,24.47,0.75,-0.35
65.6,62.2,23.85,0.75,-0.35
65.8,62.2,23.23,0.68,-0.41
65.8,62.2,22.59,0.68,-0.41
65.8,62.2,21.94,0.68,-0.41
65.8,62.2,21.28,0.68,-0.41
66.0,62.2,20.61,0.6,-0.45
66.0,62.2,19.94,0.6,-0.45
66.0,62.2,19.25,0.6,-0.45
66.0,62.2,18.55,0.6,-0.45
66.2,62.2,17.85,0.6,-0.48
66.2,62.2,17.13,0.6,-0.48
66.2,61.2,16.41,0.6,-0.56
66.2,61.2,15.68,0.6,-0.56
66.2,61.2,14.94,0.6,-0.56
66.2,61.2,14.2,0.6,-0.56
66.2,61.2,13.79,0.6,-0.56
66.2,61.2,13.03,0.6,-0.56
66.2,61.2,12.27,0.6,-0.56
66.4,61.2,11.5,0.48,-0.62
66.4,61.2,10.72,0.48,-0.62
66.4,61.1,9.95,0.48,-0.65
66.4,61.1,9.16,0.48,-0.65
66.4,61.1,8.38,0.48,-0.65
66.4,61.1,7.59,0.48,-0.65
66.4,58.4,6.79,0.48,-0.84
66.4,58.4,6.0,0.48,-0.84
66.4,58.4,5.2,0.48,-0.84
66.4,58.6,4.41,0.48,-0.93
66.4,58.6,3.62,0.48,-0.93
66.4,58.6,2.84,0.24,-0.97
66.4,58.6,2.06,0.24,-0.97
66.4,58.6,1.3,0.24,-0.97
66.6,58.6,0.57,0.5,-1.0
66.6,58.6,-0.28,0.5,-1.0
66.6,58.6,-1.36,0.5,-1.0
66.6,55.3,-2.27,0.5,-1.23
66.6,55.3,-3.15,0.5,-1.23
66.6,55.3,-4.01,0.5,-1.23
66.6,55.3,-4.86,0.5,-1.23
66.6,55.3,-5.72,0.5,-1.23
66.6,55.3,-6.57,0.5,-1.23
66.6,55.5,-7.42,0.5,-1.34
66.6,55.5,-8.27,0.5,-1.34
66.6,55.5,-9.12,0.5,-1.34
66.6,55.5,-9.97,0.5,-1.34
66.6,55.5,-10.82,0.5,-1.34
66.6,55.5,-11.66,0.5,-1.34
66.6,55.5,-12.51,0.5,-1.34
66.6,52.4,-13.35,0.5,-1.59
66.6,52.4,-14.2,0.5,-1.59
66.6,52.4,-15.04,0.5,-1.59
66.6,52.4,-15.88,0.5,-1.59
66.6,52.4,-16.72,0.5,-1.59
66.6,52.4,-17.55,0.5,-1.59
66.6,52.4,-18.39,0.5,-1.59
66.6,52.4,-19.22,0.5,-1.59
66.6,52.4,-20.05,0.5,-1.59
66.8,52.5,-20.87,0.3,-1.79
66.8,52.5,-21.69,0.3,-1.79
66.8,52.5,-22.51,0.3,-1.79
66.8,51.1,-23.33,0.3,-1.92
66.8,51.1,-24.14,0.3,-1.92
67.0,51.1,-24.94,0.4,-1.99
67.0,51.1,-25.74,0.4,-1.99
67.0,51.1,-26.54,0.4,-1.99
67.0,51.1,-27.32,0.4,-1.99
67.0,51.1,-28.11,0.4,-1.99
67.0,51.1,-28.89,0.4,-1.99
67.0,51.1,-29.66,0.4,-1.99
67.0,50.8,-30.42,0.4,-2.05
67.0,50.8,-31.18,0.4,-2.05
67.0,50.8,-31.92,0.4,-2.05
67.0,49.8,-32.66,0.4,-2.14
67.0,49.8,-33.4,0.4,-2.14
67.0,49.8,-34.12,0.4,-2.14
67.0,49.8,-34.83,0.4,-2.14
67.0,49.8,-35.53,0.4,-2.14
67.0,49.8,-36.23,0.4,-2.14
67.0,49.8,-36.91,0.4,-2.14
67.0,49.8,-37.58,0.4,-2.14
67.0,49.8,-38.24,0.4,-2.14
67.0,49.8,-38.88,0.4,-2.14
67.0,48.6,-39.51,0.4,-2.27
67.0,48.6,-40.13,0.4,-2.27
67.0,48.6,-40.73,0.4,-2.27
67.0,49.1,-41.32,0.4,-2.3
67.0,49.1,-41.9,0.4,-2.3
67.0,49.1,-42.45,0.4,-2.3
67.0,49.1,-42.99,0.4,-2.3
67.0,49.1,-43.51,0.4,-2.3
67.0,49.1,-44.02,0.4,-2.3
67.0,49.1,-44.5,0.4,-2.3
67.0,49.1,-44.97,0.4,-2.3
67.0,49.1,-45.41,0.4,-2.3
67.0,48.6,-45.84,0.4,-2.35
67.0,48.6,-46.24,0.4,-2.35
66.8,48.6,-46.62,0.17,-2.36
66.8,48.9,-46.98,0.17,-2.34
66.8,48.9,-47.31,0.17,-2.34
66.8,48.9,-47.62,0.17,-2.34
66.8,48.9,-47.91,0.17,-2.34
66.8,48.9,-48.17,0.17,-2.34
66.8,48.9,-48.4,0.17,-2.34
66.8,49.0,-48.61,0.17,-2.33
66.8,49.0,-48.79,0.17,-2.33
66.6,49.0,-48.94,-0.05,-2.31
66.6,48.5,-49.07,-0.05,-2.33
66.6,48.5,-49.17,-0.05,-2.33
66.6,48.5,-49.24,-0.05,-2.33
66.6,48.5,-49.29,-0.05,-2.33
66.4,48.5,-49.3,-0.24,-2.33
66.4,48.5,-49.29,-0.24,-2.33
66.4,48.5,-49.25,-0.24,-2.33
66.4,48.5,-49.18,-0.24,-2.33
66.4,48.5,-49.09,-0.24,-2.33
66.4,48.5,-48.96,-0.24,-2.33
66.4,48.5,-48.81,-0.24,-2.33
66.4,48.5,-48.64,-0.24,-2.33
66.4,48.5,-48.43,-0.24,-2.33
66.4,47.8,-48.2,-0.24,-2.37
66.2,47.8,-47.95,-0.24,-2.38
66.2,47.8,-47.66,-0.24,-2.38
66.2,47.8,-47.36,-0.24,-2.38
66.2,47.8,-47.03,-0.24,-2.38
66.2,47.8,-46.67,-0.24,-2.38
66.0,47.8,-46.3,-0.28,-2.37
66.0,47.8,-45.9,-0.28,-2.37
66.0,47.8,-45.48,-0.28,-2.37
66.0,47.8,-45.04,-0.28,-2.37
65.8,47.8,-44.57,-0.42,-2.35
65.8,47.8,-44.09,-0.42,-2.35
65.8,46.9,-43.59,-0.42,-2.4
65.6,46.9,-43.07,-0.62,-2.42
65.6,46.9,-42.54,-0.62,-2.42
65.6,46.9,-41.98,-0.62,-2.42
65.6,46.9,-41.41,-0.62,-2.42
65.6,46.9,-40.83,-0.62,-2.42
65.6,46.9,-40.23,-0.62,-2.42
65.6,46.9,-39.61,-0.62,-2.42
65.4,46.9,-38.98,-0.49,-2.41
65.4,46.9,-38.34,-0.49,-2.41
65.4,46.9,-37.69,-0.49,-2.41
65.4,46.9,-37.02,-0.49,-2.41
65.4,46.9,-36.34,-0.49,-2.41
65.4,46.1,-35.65,-0.49,-2.46
65.4,46.1,-34.95,-0.49,-2.46
65.4,46.1,-34.24,-0.49,-2.46
65.6,46.1,-33.52,-0.1,-2.5
65.6,46.1,-32.79,-0.1,-2.5
65.6,46.1,-32.05,-0.1,-2.5
65.6,46.1,-31.31,-0.1,-2.5
65.6,46.1,-30.56,-0.1,-2.5
65.6,46.1,-29.79,-0.1,-2.5
65.8,46.1,-29.03,0.16,-2.53
65.8,46.1,-28.25,0.16,-2.53
65.8,46.1,-27.47,0.16,-2.53
65.8,45.5,-26.69,0.16,-2.58
65.8,45.5,-25.89,0.16,-2.58
65.8,45.5,-25.1,0.16,-2.58
66.0,45.5,-24.29,0.29,-2.62
66.0,45.5,-23.49,0.29,-2.62
66.0,45.5,-22.68,0.29,-2.62
66.0,45.5,-21.86,0.29,-2.62
66.2,45.5,-21.04,0.45,-2.66
66.2,45.5,-20.22,0.45,-2.66
66.2,45.5,-19.4,0.45,-2.66
66.2,45.5,-18.57,0.45,-2.66
66.4,45.5,-17.74,0.47,-2.69
66.4,45.3,-16.91,0.47,-2.72
66.4,45.3,-16.07,0.47,-2.72
66.4,45.3,-15.23,0.47,-2.72
66.4,45.3,-14.4,0.47,-2.72
66.6,45.3,-13.56,0.51,-2.74
66.6,45.3,-12.71,0.51,-2.74
66.6,45.3,-11.87,0.51,-2.74
66.6,45.3,-11.03,0.51,-2.74
66.6,45.3,-10.18,0.51,-2.74
66.8,45.3,-9.34,0.47,-2.77
66.8,45.1,-8.49,0.47,-2.8
66.8,45.1,-7.65,0.47,-2.8
66.8,45.1,-6.8,0.47,-2.8
66.8,44.9,-5.96,0.47,-2.82
67.0,44.9,-5.11,0.49,-2.85
67.0,44.9,-4.26,0.49,-2.85
67.0,44.9,-3.4,0.49,-2.85
67.0,44.9,-2.54,0.49,-2.85
67.2,44.9,-1.65,0.58,-2.87
67.2,44.9,-0.66,0.58,-2.87
67.2,44.9,0.34,0.58,-2.87
67.2,44.9,1.06,0.58,-2.87
67.2,45.5,1.8,0.58,-2.85
67.2,45.5,2.57,0.58,-2.85
67.2,45.5,3.35,0.58,-2.85
67.2,45.3,4.13,0.58,-2.85
67.2,45.3,4.91,0.58,-2.85
67.2,45.3,5.7,0.58,-2.85
67.2,45.3,6.49,0.58,-2.85
67.2,45.3,7.28,0.58,-2.85
67.0,45.3,8.06,0.19,-2.84
67.0,45.3,8.84,0.19,-2.84
67.0,45.3,9.62,0.19,-2.84
66.8,45.3,10.39,-0.43,-2.82
66.8,47.0,11.16,-0.43,-2.7
66.6,47.0,11.92,-0.67,-2.62
66.6,47.0,12.68,-0.67,-2.62
66.6,47.0,13.43,-0.67,-2.62
66.4,46.3,14.17,-0.72,-2.62
66.4,46.3,14.91,-0.72,-2.62
66.4,46.3,15.64,-0.72,-2.62
66.4,46.3,16.37,-0.72,-2.62
66.4,46.3,17.08,-0.72,-2.62
66.4,46.3,17.79,-0.72,-2.62
66.2,46.3,18.49,-0.59,-2.6
66.2,46.3,19.18,-0.59,-2.6
66.2,46.3,19.86,-0.59,-2.6
66.2,49.4,20.54,-0.59,-2.39
66.0,49.4,21.2,-0.55,-2.27
66.0,49.4,21.85,-0.55,-2.27
66.0,49.4,22.49,-0.55,-2.27
66.0,49.4,23.12,-0.55,-2.27
66.0,49.4,23.74,-0.55,-2.27
66.0,49.4,24.35,-0.55,-2.27
66.0,49.4,24.94,-0.55,-2.27
65.8,49.4,25.53,-0.46,-2.2
65.8,49.4,26.1,-0.46,-2.2
65.8,49.4,26.65,-0.46,-2.2
65.8,49.4,27.19,-0.46,-2.2
65.8,52.0,27.72,-0.46,-2.0
65.8,52.0,28.24,-0.46,-0.14
65.6,52.0,28.74,-0.43,0.47
65.6,52.0,29.22,-0.43,0.62
65.6,52.0,29.69,-0.43,0.72
65.6,52.0,30.14,-0.43,0.79
65.6,52.0,30.57,-0.43,0.84
65.4,52.0,30.99,-0.46,0.92
65.4,52.0,31.39,-0.46,0.96
65.4,52.0,31.77,-0.46,0.99
65.4,52.0,32.13,-0.46,1.02
65.4,52.0,32.48,-0.46,1.05
65.4,52.0,32.8,-0.46,1.07
65.4,53.4,33.11,-0.46,1.27
65.2,53.4,33.39,-0.4,1.31
65.2,53.4,33.66,-0.4,1.33
65.2,53.4,33.91,-0.4,1.34
65.2,53.4,34.13,-0.4,1.36
65.2,53.4,34.33,-0.4,1.37
65.2,53.4,34.52,-0.4,1.38
65.0,53.4,34.68,-0.39,1.41
65.0,53.4,34.82,-0.39,1.42
65.0,53.4,34.94,-0.39,1.42
65.0,53.4,35.03,-0.39,1.43
65.0,53.4,35.1,-0.39,1.43
65.0,53.9,35.16,-0.39,1.5
65.0,53.9,35.19,-0.39,1.5
65.0,53.9,35.19,-0.39,1.5
64.8,53.9,35.18,-0.34,1.51
64.8,53.9,35.14,-0.34,1.52
64.8,53.9,35.08,-0.34,1.52
64.8,53.9,35.0,-0.34,1.52
64.8,53.9,34.89,-0.34,1.52
64.8,53.9,34.77,-0.34,1.51
64.8,54.9,34.62,-0.34,1.6
64.8,54.9,34.45,-0.34,1.62
64.8,54.9,34.26,-0.34,1.62
64.6,53.3,34.05,-0.31,1.47
64.6,53.3,33.81,-0.31,1.41
64.6,53.3,33.56,-0.31,1.4
64.6,53.3,33.29,-0.31,1.38
64.6,53.3,32.99,-0.31,1.36
64.6,53.3,32.68,-0.31,1.34
64.6,53.3,32.35,-0.31,1.32
64.6,53.3,31.99,-0.31,1.29
64.6,53.3,31.62,-0.31,1.26
64.4,53.3,31.23,-0.29,1.25
64.4,54.6,30.83,-0.29,1.38
64.4,54.6,30.4,-0.29,1.34
64.4,54.6,29.96,-0.29,1.29
64.4,53.4,29.51,-0.29,1.06
64.4,53.4,29.03,-0.29,0.96
64.4,53.4,28.54,-0.29,0.81
64.4,53.4,28.04,-0.29,0.39
64.4,53.4,27.52,-0.29,-0.52
64.4,53.4,26.98,-0.29,-0.52
64.2,53.4,26.43,-0.27,-0.96
64.2,53.4,25.87,-0.27,-0.96
64.2,53.4,25.3,-0.27,-0.96
64.2,54.0,24.71,-0.27,-1.14
64.0,54.0,24.11,-0.42,-1.22
64.0,54.0,23.5,-0.42,-1.22
64.0,53.3,22.87,-0.42,-1.31
64.0,53.3,22.24,-0.42,-1.31
64.0,53.3,21.59,-0.42,-1.31
64.0,53.3,20.93,-0.42,-1.31
64.0,53.3,20.26,-0.42,-1.31
64.0,53.3,19.59,-0.42,-1.31
64.0,53.3,18.9,-0.42,-1.31
64.0,53.3,18.21,-0.42,-1.31
64.0,53.3,17.5,-0.42,-1.31
64.0,53.3,16.79,-0.42,-1.31
64.0,53.0,16.07,-0.42,-1.37
64.0,53.0,15.34,-0.42,-1.37
64.0,53.0,14.61,-0.42,-1.37
64.0,53.4,13.86,-0.42,-1.37
64.0,53.4,13.45,-0.42,-1.37
64.0,53.4,12.69,-0.42,-1.37
64.0,53.4,11.93,-0.42,-1.37
64.0,53.4,11.16,-0.42,-1.37
64.0,53.4,10.39,-0.42,-1.37
64.0,53.1,9.61,-0.42,-1.39
64.0,53.1,8.83,-0.42,-1.39
64.0,53.1,8.05,-0.42,-1.39
64.0,51.5,7.26,-0.42,-1.51
64.0,51.5,6.47,-0.42,-1.51
64.0,51.5,5.68,-0.42,-1.51
64.0,51.5,4.88,-0.42,-1.51
64.0,51.5,4.09,-0.42,-1.51
64.0,51.5,3.31,-0.42,-1.51
64.0,51.5,2.53,-0.42,-1.51
64.0,51.5,1.76,-0.42,-1.51
64.0,51.5,1.01,-0.42,-1.51
64.0,51.5,0.29,-0.42,-1.51
64.2,51.5,-0.75,-0.17,-1.58
64.2,51.5,-1.72,-0.17,-1.58
64.2,49.2,-2.61,-0.17,-1.77
64.2,49.2,-3.48,-0.17,-1.77
64.2,49.2,-4.34,-0.17,-1.77
64.2,49.4,-5.19,-0.17,-1.85
64.2,49.4,-6.04,-0.17,-1.85
64.2,49.4,-6.89,-0.17,-1.85
64.2,49.4,-7.74,-0.17,-1.85
64.2,49.4,-8.59,-0.17,-1.85
64.2,49.4,-9.44,-0.17,-1.85
64.2,49.4,-10.29,-0.17,-1.85
64.2,49.3,-11.14,-0.17,-1.89
64.2,49.3,-11.98,-0.17,-1.89
64.2,49.3,-12.83,-0.17,-1.89
64.2,47.7,-13.68,-0.17,-2.02
64.2,47.7,-14.52,-0.17,-2.02
64.2,47.7,-15.36,-0.17,-2.02
64.2,47.7,-16.2,-0.17,-2.02
64.2,47.7,-17.04,-0.17,-2.02
64.2,47.7,-17.88,-0.17,-2.02
64.2,47.7,-18.71,-0.17,-2.02
64.2,47.7,-19.54,-0.17,-2.02
64.2,47.7,-20.37,-0.17,-2.02
64.2,47.7,-21.2,-0.17,-2.02
64.4,47.7,-22.02,-0.04,-2.1
64.4,47.7,-22.84,-0.04,-2.1
64.4,47.0,-23.65,-0.04,-2.18
64.6,47.0,-24.46,0.32,-2.23
64.6,47.0,-25.27,0.32,-2.23
64.6,47.0,-26.07,0.32,-2.23
64.6,47.0,-26.87,0.32,-2.23
64.6,47.0,-27.66,0.32,-2.23
64.6,47.0,-28.44,0.32,-2.23
64.6,47.0,-29.22,0.32,-2.23
64.6,47.0,-29.99,0.32,-2.23
64.6,45.8,-30.76,0.32,-2.34
64.6,45.8,-31.52,0.32,-2.34
64.6,45.8,-32.27,0.32,-2.34
64.8,46.3,-33.01,0.28,-2.41
64.8,46.3,-33.74,0.28,-2.41
65.0,46.3,-34.46,0.59,-2.42
65.0,46.3,-35.18,0.59,-2.42
65.2,46.3,-35.88,1.01,-2.44
65.4,46.3,-36.58,1.5,-2.46
65.6,46.3,-37.26,2.46,-2.48
65.6,46.3,-37.93,2.46,-2.48
65.6,46.3,-38.59,2.46,-2.48
65.6,46.3,-39.24,2.46,-2.48
65.4,45.1,-39.87,0.95,-2.6
65.4,45.1,-40.49,0.95,-2.6
65.4,45.1,-41.1,0.95,-2.6
65.4,45.5,-41.69,0.95,-2.59
65.4,45.5,-42.26,0.95,-2.59
65.2,45.5,-42.82,0.22,-2.58
65.2,45.5,-43.36,0.22,-2.58
65.2,45.5,-43.88,0.22,-2.58
65.2,45.5,-44.39,0.22,-2.58
65.2,45.5,-44.88,0.22,-2.58
65.2,45.5,-45.34,0.22,-2.58
65.2,45.5,-45.79,0.22,-2.58
65.0,44.4,-46.21,-0.06,-2.62
65.0,44.4,-46.62,-0.06,-2.62
65.0,44.4,-47.0,-0.06,-2.62
65.0,44.8,-47.36,-0.06,-2.62
65.0,44.8,-47.69,-0.06,-2.62
65.0,44.8,-48.0,-0.06,-2.62
64.8,44.8,-48.29,-0.22,-2.61
64.8,44.8,-48.55,-0.22,-2.61
64.8,44.8,-48.78,-0.22,-2.61
64.8,44.8,-48.99,-0.22,-2.61
64.8,44.8,-49.17,-0.22,-2.61
64.8,44.8,-49.33,-0.22,-2.61
64.8,44.8,-49.45,-0.22,-2.61
64.8,44.3,-49.55,-0.22,-2.64
64.8,44.3,-49.62,-0.22,-2.64
64.8,44.3,-49.67,-0.22,-2.64
64.6,44.3,-49.68,-0.23,-2.64
64.6,44.3,-49.67,-0.23,-2.64
64.6,44.3,-49.62,-0.23,-2.64
64.6,44.3,-49.55,-0.23,-2.64
64.6,44.3,-49.46,-0.23,-2.64
64.4,44.3,-49.33,-0.36,-2.63
64.4,44.3,-49.18,-0.36,-2.63
64.4,44.3,-49.0,-0.36,-2.63
64.4,44.3,-48.79,-0.36,-2.63
64.4,44.1,-48.56,-0.36,-2.63
64.4,44.1,-48.3,-0.36,-2.63
64.4,44.1,-48.01,-0.36,-2.63
64.4,44.1,-47.7,-0.36,-2.63
64.4,44.1,-47.37,-0.36,-2.63
64.4,44.1,-47.01,-0.36,-2.63
64.4,44.2,-46.63,-0.36,-2.63
64.4,44.2,-46.23,-0.36,-2.63
64.4,44.2,-45.81,-0.36,-2.63
64.4,44.2,-45.36,-0.36,-2.63
64.4,44.2,-44.9,-0.36,-2.63
64.4,44.2,-44.41,-0.36,-2.63
64.4,44.4,-43.91,-0.36,-2.62
64.4,44.4,-43.39,-0.36,-2.62
64.4,44.4,-42.85,-0.36,-2.62
64.4,44.4,-42.29,-0.36,-2.62
64.4,44.4,-41.72,-0.36,-2.62
64.4,44.4,-41.13,-0.36,-2.62
64.4,44.4,-40.52,-0.36,-2.62
64.4,44.4,-39.9,-0.36,-2.62
64.4,44.4,-39.27,-0.36,-2.62
64.4,44.4,-38.63,-0.36,-2.62
64.4,44.4,-37.97,-0.36,-2.62
64.4,44.4,-37.3,-0.36,-2.62
64.4,44.4,-36.62,-0.36,-2.62
64.4,44.2,-35.93,-0.36,-2.62
64.4,44.2,-35.22,-0.36,-2.62
64.4,44.2,-34.51,-0.36,-2.62
64.6,44.2,-33.79,-0.14,-2.64
64.6,44.2,-33.06,-0.14,-2.64
64.6,44.2,-32.32,-0.14,-2.64
64.6,44.2,-31.57,-0.14,-2.64
64.6,44.2,-30.81,-0.14,-2.64
64.6,44.2,-30.05,-0.14,-2.64
64.6,44.2,-29.28,-0.14,-2.64
64.6,44.2,-28.51,-0.14,-2.64
64.8,44.2,-27.72,0.09,-2.66
64.8,44.3,-26.93,0.09,-2.66
64.8,44.3,-26.14,0.09,-2.66
64.8,44.3,-25.34,0.09,-2.66
64.8,44.3,-24.54,0.09,-2.66
64.8,44.3,-23.73,0.09,-2.66
65.0,44.3,-22.92,0.23,-2.68
65.0,44.3,-22.1,0.23,-2.68
65.0,44.3,-21.28,0.23,-2.68
65.0,44.3,-20.46,0.23,-2.68
65.0,44.7,-19.63,0.23,-2.66
65.2,44.7,-18.81,0.35,-2.66
65.2,44.7,-17.97,0.35,-2.66
65.2,44.7,-17.14,0.35,-2.66
65.2,43.8,-16.31,0.35,-2.72
65.2,43.8,-15.47,0.35,-2.72
65.2,43.8,-14.63,0.35,-2.72
65.4,43.8,-13.79,0.39,-2.76
65.4,43.8,-12.95,0.39,-2.76
65.4,43.8,-12.1,0.39,-2.76
65.4,43.7,-11.26,0.39,-2.79
65.4,43.7,-10.42,0.39,-2.79
65.6,43.7,-9.57,0.45,-2.82
65.6,44.2,-8.73,0.45,-2.8
65.6,44.2,-7.88,0.45,-2.8
65.8,44.2,-7.04,0.58,-2.8
66.0,43.4,-6.19,1.81,-2.88
66.0,43.4,-5.34,1.81,-2.88
66.0,43.4,-4.49,1.81,-2.88
66.0,43.4,-3.64,1.81,-2.88
66.0,43.4,-2.78,1.81,-2.88
66.0,43.4,-1.9,1.81,-2.88
66.0,43.4,-0.96,1.81,-2.88
66.0,43.4,0.14,1.81,-2.88
66.0,43.4,0.85,1.81,-2.88
66.0,43.9,1.59,1.81,-2.88
66.0,43.9,2.34,1.81,-2.88
66.0,43.9,3.12,1.81,-2.88
66.0,43.8,3.9,1.81,-2.88
66.0,43.8,4.68,1.81,-2.88
66.0,43.8,5.46,1.81,-2.88
66.0,43.8,6.25,1.81,-2.88
66.0,43.8,7.03,1.81,-2.88
66.0,43.8,7.82,1.81,-2.88
66.0,43.8,8.59,1.81,-2.88
66.0,43.8,9.37,1.81,-2.88
66.0,43.8,10.14,1.81,-2.88
65.8,43.8,10.91,0.84,-2.87
65.8,45.1,11.67,0.84,-2.78
65.8,45.1,12.42,0.84,-2.78
65.8,45.1,13.17,0.84,-2.78
65.8,45.1,13.91,0.84,-2.78
65.6,45.1,14.65,0.19,-2.72
65.6,45.1,15.38,0.19,-2.72
65.4,45.1,16.1,-0.36,-2.68
65.4,45.1,16.81,-0.36,-2.68
65.4,45.1,17.52,-0.36,-2.68
65.4,45.1,18.22,-0.36,-2.68
65.2,45.1,18.9,-0.54,-2.65
65.2,45.1,19.58,-0.54,-2.65
65.2,46.6,20.25,-0.54,-2.53
65.0,46.6,20.91,-0.6,-2.46
65.0,46.6,21.56,-0.6,-2.46
65.0,46.6,22.2,-0.6,-2.46
65.0,46.6,22.83,-0.6,-2.46
64.8,46.6,23.45,-0.66,-2.41
64.8,46.6,24.05,-0.66,-2.41
64.8,46.6,24.64,-0.66,-2.41
64.8,46.6,25.22,-0.66,-2.41
64.8,46.6,25.79,-0.66,-2.41
64.8,46.6,26.34,-0.66,-2.41
64.8,46.6,26.88,-0.66,-2.41
64.6,48.3,27.41,-0.49,-2.25
64.6,48.3,27.92,-0.49,-2.25
64.6,48.3,28.42,-0.49,-0.12
64.6,48.3,28.9,-0.49,0.18
64.6,48.3,29.36,-0.49,0.3
64.6,48.3,29.81,-0.49,0.39
64.6,48.3,30.24,-0.49,0.45
64.4,48.3,30.65,-0.41,0.53
64.4,48.3,31.05,-0.41,0.58
64.4,48.3,31.43,-0.41,0.61
64.4,48.3,31.79,-0.41,0.64
64.4,48.3,32.13,-0.41,0.67
64.4,48.3,32.46,-0.41,0.69
64.4,49.9,32.76,-0.41,0.92
64.2,49.9,33.04,-0.39,0.97
64.2,49.9,33.31,-0.39,0.98
64.2,49.9,33.55,-0.39,1.0
64.2,49.9,33.77,-0.39,1.01
64.2,49.9,33.97,-0.39,1.02
64.2,50.0,34.15,-0.39,1.04
64.2,50.0,34.31,-0.39,1.05
64.2,50.0,34.43,-0.39,1.06
64.2,50.0,34.66,-0.39,1.07
64.2,50.0,34.73,-0.39,1.07
64.2,52.4,34.78,-0.39,1.32
64.2,52.4,34.81,-0.39,1.39
64.2,52.4,34.82,-0.39,1.39
64.2,52.4,34.8,-0.39,1.39
64.2,52.4,34.76,-0.39,1.39
64.2,52.4,34.7,-0.39,1.39
64.2,52.4,34.62,-0.39,1.39
64.2,52.4,34.51,-0.39,1.38
64.2,52.4,34.39,-0.39,1.38
64.2,53.0,34.24,-0.39,1.43
64.2,53.0,34.07,-0.39,1.44
64.2,53.0,33.88,-0.39,1.43
64.2,53.0,33.67,-0.39,1.42
64.2,53.6,33.43,-0.39,1.48
64.2,53.6,33.18,-0.39,1.47
64.2,53.6,32.91,-0.39,1.45
64.2,53.6,32.61,-0.39,1.43
64.2,53.6,32.3,-0.39,1.41
64.2,53.6,31.97,-0.39,1.38
64.2,53.5,31.62,-0.39,1.34
64.2,53.5,31.25,-0.39,1.31
64.2,53.5,30.86,-0.39,1.27
64.2,53.4,30.45,-0.39,1.21
64.2,53.4,30.03,-0.39,1.16
64.2,53.4,29.59,-0.39,1.1
64.2,54.0,29.13,-0.39,1.08
64.2,54.0,28.66,-0.39,0.96
64.2,54.0,28.17,-0.39,0.69
64.2,54.0,27.67,-0.39,-0.38
64.2,54.0,27.15,-0.39,-0.38
64.2,54.0,26.62,-0.39,-0.38
64.2,54.0,26.07,-0.39,-0.38
64.2,54.0,25.51,-0.39,-0.38
64.2,54.0,24.94,-0.39,-0.38
64.2,53,24.35,-0.39,-0.92
64.2,53,23.75,-0.39,-0.92
64.2,53,23.14,-0.39,-0.92
64.2,53.6,22.52,-0.39,-1.15
64.2,53.6,21.88,-0.39,-1.15
64.2,53.6,21.24,-0.39,-1.15
64.2,53.6,20.58,-0.39,-1.15
64.4,53.6,19.92,-0.17,-1.28
64.4,53.6,19.24,-0.17,-1.28
64.4,53.6,18.56,-0.17,-1.28
64.4,53.6,17.86,-0.17,-1.28
64.4,53.6,17.16,-0.17,-1.28
64.4,53.6,16.45,-0.17,-1.28
64.4,52.7,15.73,-0.17,-1.4
64.4,52.7,15.0,-0.17,-1.4
64.4,52.7,14.27,-0.17,-1.4
64.4,52.7,13.53,-0.17,-1.4
64.4,52.7,13.11,-0.17,-1.4
64.4,52.7,12.36,-0.17,-1.4
64.4,52.4,11.6,-0.17,-1.48
64.4,52.4,10.83,-0.17,-1.48
64.4,52.4,10.06,-0.17,-1.48
64.4,52.4,9.29,-0.17,-1.48
64.4,52.4,8.51,-0.17,-1.48
64.4,52.4,7.72,-0.17,-1.48
64.4,49.9,6.94,-0.17,-1.68
64.4,49.9,6.15,-0.17,-1.68
64.4,49.9,5.36,-0.17,-1.68
64.4,50.4,4.57,-0.17,-1.75
64.4,50.4,3.78,-0.17,-1.75
64.4,50.4,3.0,-0.17,-1.75
64.4,49.9,2.22,-0.17,-1.82
64.4,49.9,1.46,-0.17,-1.82
64.4,49.9,0.73,-0.17,-1.82
64.4,49.9,0.02,-0.17,-1.82
64.4,49.9,-1.14,-0.17,-1.82
64.4,49.9,-2.07,-0.17,-1.82
64.4,48.2,-2.94,-0.17,-1.96
64.4,48.2,-3.81,-0.17,-1.96
64.4,48.2,-4.66,-0.17,-1.96
64.4,48.2,-5.51,-0.17,-1.96
64.6,48.2,-6.36,-0.05,-2.05
64.6,48.2,-7.21,-0.05,-2.05
64.6,48.2,-8.06,-0.05,-2.05
64.6,48.3,-8.91,-0.05,-2.08
64.6,48.3,-9.76,-0.05,-2.08
64.6,48.3,-10.61,-0.05,-2.08
64.6,48.3,-11.46,-0.05,-2.08
64.6,48.3,-12.3,-0.05,-2.08
64.6,48.3,-13.15,-0.05,-2.08
64.6,47.1,-14.0,-0.05,-2.18
64.8,47.1,-14.84,0.09,-2.24
64.8,47.1,-15.68,0.09,-2.24
64.8,47.1,-16.52,0.09,-2.24
65.0,47.1,-17.36,0.51,-2.28
65.0,47.1,-18.2,0.51,-2.28
65.0,47.1,-19.03,0.51,-2.28
65.0,47.1,-19.87,0.51,-2.28
65.2,47.1,-20.7,0.53,-2.32
65.2,47.0,-21.52,0.53,-2.34
65.2,47.0,-22.35,0.53,-2.34
65.2,47.0,-23.16,0.53,-2.34
65.4,46.6,-23.98,0.58,-2.41
65.4,46.6,-24.79,0.58,-2.41
65.4,46.6,-25.6,0.58,-2.41
65.4,46.6,-26.4,0.58,-2.41
65.4,46.6,-27.2,0.58,-2.41
65.6,46.6,-27.99,0.57,-2.44
65.6,46.6,-28.78,0.57,-2.44
65.6,46.6,-29.55,0.57,-2.44
65.6,46.6,-30.33,0.57,-2.44
65.6,46.2,-31.09,0.57,-2.48
65.6,46.2,-31.85,0.57,-2.48
65.6,46.2,-32.6,0.57,-2.48
65.6,46.2,-33.35,0.57,-2.48
65.8,46.2,-34.81,0.41,-2.51
65.8,46.2,-35.52,0.41,-2.51
65.8,46.2,-36.23,0.41,-2.51
65.8,46.2,-36.93,0.41,-2.51
65.8,46.2,-38.28,0.2,-2.53
65.8,46.2,-38.94,0.1,-2.54
65.8,46.2,-39.59,0.1,-2.54
65.6,46.2,-40.23,-0.52,-2.53
65.6,45.6,-40.85,-0.52,-2.56
66.0,45.6,-41.46,1.97,-2.62
66.0,45.6,-42.05,1.97,-2.62
65.8,45.6,-42.62,0.24,-2.62
65.8,45.6,-43.18,0.24,-2.62
65.6,45.6,-43.73,-0.58,-2.61
65.6,45.5,-44.25,-0.58,-2.61
65.6,45.5,-44.76,-0.58,-2.61
65.4,45.5,-45.25,-0.66,-2.6
65.4,45.5,-45.72,-0.66,-2.6
65.4,45.5,-46.16,-0.66,-2.6
65.4,45.5,-46.59,-0.66,-2.6
65.4,45.1,-46.99,-0.66,-2.62
65.4,45.1,-47.38,-0.66,-2.62
65.2,45.1,-47.74,-0.53,-2.62
65.2,45.1,-48.07,-0.53,-2.62
65.2,45.1,-48.38,-0.53,-2.62
65.2,45.1,-48.67,-0.53,-2.62
65.0,45.1,-48.93,-0.53,-2.6
65.0,45.2,-49.16,-0.53,-2.59
65.0,45.2,-49.37,-0.53,-2.59
65.0,45.2,-49.55,-0.53,-2.59
65.0,45.2,-49.71,-0.53,-2.59
65.0,45.2,-49.83,-0.53,-2.59
65.0,45.2,-49.93,-0.53,-2.59
65.0,45.0,-50.0,-0.53,-2.59
64.8,45.0,-50.04,-0.46,-2.58
64.8,45.0,-50.06,-0.46,-2.58
64.8,45.0,-50.04,-0.46,-2.58
64.8,45.0,-50.0,-0.46,-2.58
64.8,45.0,-49.92,-0.46,-2.58
64.8,45.0,-49.82,-0.46,-2.58
64.6,45.0,-49.7,-0.44,-2.56
64.6,45.0,-49.54,-0.44,-2.56
64.6,45.0,-49.36,-0.44,-2.56
64.6,45.0,-49.15,-0.44,-2.56
64.6,45.0,-48.91,-0.44,-2.56
64.4,45.0,-48.65,-0.43,-2.54
64.4,45.0,-48.36,-0.43,-2.54
64.4,45.0,-48.05,-0.43,-2.54
64.4,45.0,-47.71,-0.43,-2.54
64.4,45.0,-47.35,-0.43,-2.54
64.2,45.0,-46.97,-0.49,-2.52
64.2,45.1,-46.56,-0.49,-2.5
64.2,45.1,-46.14,-0.49,-2.5
64.2,45.1,-45.69,-0.49,-2.5
64.0,45.1,-45.22,-0.56,-2.48
64.0,45.3,-44.73,-0.56,-2.46
64.0,45.3,-44.22,-0.56,-2.46
64.0,45.3,-43.7,-0.56,-2.46
64.0,45.1,-43.15,-0.56,-2.46
64.0,45.1,-42.59,-0.56,-2.46
64.0,45.1,-42.02,-0.56,-2.46
64.0,45.1,-41.42,-0.56,-2.46
64.2,45.1,-40.82,-0.15,-2.47
64.2,45.1,-40.2,-0.15,-2.47
64.2,45.1,-39.56,-0.15,-2.47
64.2,45.1,-38.91,-0.15,-2.47
64.2,45.1,-38.25,-0.15,-2.47
64.2,45.2,-37.58,-0.15,-2.47
64.4,45.2,-36.9,0.16,-2.48
64.4,45.2,-36.2,0.16,-2.48
64.4,45.3,-35.49,0.16,-2.48
64.6,45.3,-34.78,0.48,-2.49
64.6,45.3,-34.05,0.48,-2.49
64.6,45.3,-33.32,0.48,-2.49
64.6,45.3,-32.58,0.48,-2.49
64.6,45.3,-31.83,0.48,-2.49
64.6,45.3,-31.07,0.48,-2.49
64.8,45.3,-30.31,0.43,-2.51
64.8,45.3,-29.54,0.43,-2.51
64.8,45.3,-28.76,0.43,-2.51
65.0,45.3,-27.97,0.54,-2.54
65.0,45.3,-27.18,0.54,-2.54
65.0,45.5,-26.39,0.54,-2.54
65.0,45.5,-25.59,0.54,-2.54
65.2,45.5,-24.78,0.58,-2.55
65.2,45.5,-23.97,0.58,-2.55
65.2,45.5,-23.16,0.58,-2.55
65.2,45.5,-22.34,0.58,-2.55
65.2,45.5,-21.52,0.58,-2.55
65.4,45.5,-20.7,0.54,-2.57
65.4,45.5,-19.87,0.54,-2.57
65.4,45.5,-19.04,0.54,-2.57
65.6,45.7,-18.21,0.68,-2.58
65.6,45.7,-17.38,0.68,-2.58
65.6,45.7,-16.54,0.68,-2.58
65.6,45.7,-15.7,0.68,-2.58
65.8,45.7,-14.86,0.61,-2.6
65.8,45.7,-14.02,0.61,-2.6
65.8,45.7,-13.18,0.61,-2.6
66.0,45.7,-12.34,0.75,-2.62
66.0,45.7,-11.49,0.75,-2.62
66.0,45.7,-10.65,0.75,-2.62
66.0,45.7,-9.81,0.75,-2.62
66.0,45.7,-8.96,0.75,-2.62
66.2,46.1,-8.12,0.63,-2.63
66.2,46.1,-7.27,0.63,-2.63
66.2,46.1,-6.43,0.63,-2.63
66.4,46.1,-5.58,0.65,-2.63
66.4,46.1,-4.73,0.65,-2.63
66.4,46.1,-3.88,0.65,-2.63
66.6,46.1,-3.03,0.86,-2.65
67.0,46.1,-2.16,3.2,-2.69
67.0,46.1,-1.24,3.2,-2.69
66.8,46.1,-0.13,1.03,-2.69
66.6,46.1,0.64,-0.42,-2.68
66.6,46.1,1.37,-0.42,-2.68
66.6,46.2,2.12,-0.42,-2.67
66.6,46.2,2.89,-0.42,-2.67
66.6,46.2,3.66,-0.42,-2.67
66.6,46.2,4.44,-0.42,-2.67
66.6,46.2,5.23,-0.42,-2.67
66.6,46.2,6.01,-0.42,-2.67
66.6,46.2,6.79,-0.42,-2.67
66.6,46.2,7.57,-0.42,-2.67
66.6,46.2,8.35,-0.42,-2.67
66.4,46.2,9.12,-0.32,-2.65
66.4,46.2,9.89,-0.32,-2.65
66.4,46.2,10.65,-0.32,-2.65
66.2,46.2,11.41,-0.61,-2.62
66.2,46.6,12.16,-0.61,-2.58
66.2,46.6,12.91,-0.61,-2.58
66.2,46.6,13.65,-0.61,-2.58
66.0,46.6,14.39,-0.57,-2.55
66.0,46.6,15.11,-0.57,-2.55
66.0,46.6,15.83,-0.57,-2.55
65.8,46.6,16.54,-0.72,-2.52
65.8,46.6,17.25,-0.72,-2.52
65.8,46.6,17.94,-0.72,-2.52
65.8,46.6,18.63,-0.72,-2.52
65.6,46.6,19.31,-0.72,-2.5
65.6,46.6,19.97,-0.72,-2.5
65.4,47.0,20.63,-0.77,-2.43
65.4,47.0,21.28,-0.77,-2.43
65.2,47.0,21.91,-0.88,-2.4
65.2,47.0,22.54,-0.88,-2.4
65.2,47.0,23.15,-0.88,-2.4
65.2,47.0,23.75,-0.88,-2.4
65.2,47.0,24.34,-0.88,-2.4
65.2,47.0,24.92,-0.88,-2.4
65.2,47.0,25.49,-0.88,-2.4
65.0,47.0,26.04,-0.62,-2.37
65.0,48.6,26.57,-0.62,-2.25
65.0,48.6,27.1,-0.62,-2.25
64.8,48.6,27.6,-0.73,-2.18
64.8,47.6,28.1,-0.73,-1.31
64.8,47.6,28.57,-0.73,-0.1
64.8,47.6,29.04,-0.73,0.11
64.8,47.6,29.48,-0.73,0.21
64.6,47.6,29.91,-0.62,0.31
64.6,47.6,30.32,-0.62,0.37
64.6,47.6,30.72,-0.62,0.42
64.6,47.6,31.09,-0.62,0.46
64.6,47.6,31.45,-0.62,0.5
64.4,48.9,31.79,-0.52,0.71
64.4,48.9,32.11,-0.52,0.75
64.4,48.9,32.41,-0.52,0.77
64.4,47.4,32.69,-0.52,0.61
64.4,47.4,32.95,-0.52,0.61
64.2,47.4,33.19,-0.53,0.65
64.2,47.4,33.41,-0.53,0.66
64.2,47.4,33.61,-0.53,0.68
64.0,47.4,33.79,-0.64,0.71
64.0,47.3,34.09,-0.32,0.72
63.8,47.3,34.2,-0.85,0.75
63.8,47.3,34.29,-0.85,0.75
63.8,48.1,34.36,-0.85,0.86
63.4,48.1,34.43,-0.42,0.92
63.4,48.1,34.39,-0.42,0.92
63.4,48.1,34.33,-0.42,0.92
63.2,48.1,34.24,-5.11,-1.62
63.2,48.1,34.14,-5.11,-1.7
63.2,48.1,34.01,-5.11,-1.7
63.2,50.2,33.69,-2.56,-1.51
63.2,50.2,33.5,-2.56,-1.51
63.0,50.2,33.29,-1.81,-1.5
63.0,48.4,33.06,-1.81,-1.69
63.0,48.4,32.8,-1.81,-1.7
63.0,48.4,32.24,-0.91,-1.73
62.8,48.4,31.92,-1.26,-1.71
62.8,48.4,31.24,-0.63,-0.87
62.8,48.4,30.87,-0.63,-0.86
62.8,48.4,30.49,-0.63,-0.86
62.8,50.3,30.08,-0.63,-0.75
62.5,50.3,29.66,-0.8,-0.73
62.5,50.3,29.22,-0.8,-0.73
